date,product_name,stock,price,day_of_week,is_weekend,demand
2025-11-08,Rice 26kg,498,210,5,1,7
2025-11-08,Sugar,289,245,5,1,25
2025-11-08,Milk 1L,489,671,5,1,21
2025-11-08,Bread,200,773,5,1,23
2025-11-08,Eggs 12pk,331,938,5,1,19
2025-11-08,Cooking Oil 5L,106,268,5,1,12
2025-11-08,Dal 1kg,423,764,5,1,8
2025-11-08,Salt 1kg,286,160,5,1,17
2025-11-08,Tea 500g,459,630,5,1,19
2025-11-08,Coffee 200g,145,278,5,1,14
2025-11-08,greenchilli-100g,166,331,5,1,21
2025-11-08,Redchilli-50g,241,624,5,1,8
2025-11-08,GaramMasala,421,107,5,1,13
2025-11-08,Curd-200g,314,416,5,1,26
2025-11-08,garlic100g,140,857,5,1,15
2025-11-08,ginger100g,139,255,5,1,19
2025-11-09,Rice 26kg,91,418,6,1,11
2025-11-09,Sugar,89,619,6,1,26
2025-11-09,Milk 1L,390,367,6,1,31
2025-11-09,Bread,457,988,6,1,20
2025-11-09,Eggs 12pk,215,432,6,1,22
2025-11-09,Cooking Oil 5L,392,187,6,1,5
2025-11-09,Dal 1kg,181,427,6,1,14
2025-11-09,Salt 1kg,202,891,6,1,15
2025-11-09,Tea 500g,139,463,6,1,17
2025-11-09,Coffee 200g,361,299,6,1,15
2025-11-09,greenchilli-100g,63,282,6,1,28
2025-11-09,Redchilli-50g,424,664,6,1,8
2025-11-09,GaramMasala,84,164,6,1,12
2025-11-09,Curd-200g,135,240,6,1,24
2025-11-09,garlic100g,190,715,6,1,21
2025-11-09,ginger100g,307,794,6,1,23
2025-11-10,Rice 26kg,262,765,0,0,5
2025-11-10,Sugar,454,761,0,0,15
2025-11-10,Milk 1L,497,656,0,0,15
2025-11-10,Bread,156,331,0,0,16
2025-11-10,Eggs 12pk,58,695,0,0,14
2025-11-10,Cooking Oil 5L,79,399,0,0,5
2025-11-10,Dal 1kg,197,457,0,0,7
2025-11-10,Salt 1kg,490,715,0,0,4
2025-11-10,Tea 500g,183,203,0,0,5
2025-11-10,Coffee 200g,384,939,0,0,7
2025-11-10,greenchilli-100g,299,134,0,0,27
2025-11-10,Redchilli-50g,97,958,0,0,11
2025-11-10,GaramMasala,160,196,0,0,6
2025-11-10,Curd-200g,259,353,0,0,6
2025-11-10,garlic100g,298,169,0,0,14
2025-11-10,ginger100g,290,486,0,0,13
2025-11-11,Rice 26kg,33,789,1,0,2
2025-11-11,Sugar,26,445,1,0,17
2025-11-11,Milk 1L,348,265,1,0,24
2025-11-11,Bread,436,869,1,0,19
2025-11-11,Eggs 12pk,36,438,1,0,23
2025-11-11,Cooking Oil 5L,194,859,1,0,7
2025-11-11,Dal 1kg,199,845,1,0,11
2025-11-11,Salt 1kg,209,295,1,0,12
2025-11-11,Tea 500g,346,926,1,0,9
2025-11-11,Coffee 200g,17,780,1,0,12
2025-11-11,greenchilli-100g,460,688,1,0,14
2025-11-11,Redchilli-50g,270,364,1,0,8
2025-11-11,GaramMasala,373,627,1,0,6
2025-11-11,Curd-200g,123,369,1,0,14
2025-11-11,garlic100g,496,807,1,0,17
2025-11-11,ginger100g,240,480,1,0,11
2025-11-12,Rice 26kg,341,597,2,0,5
2025-11-12,Sugar,133,898,2,0,9
2025-11-12,Milk 1L,498,138,2,0,31
2025-11-12,Bread,303,610,2,0,16
2025-11-12,Eggs 12pk,278,202,2,0,23
2025-11-12,Cooking Oil 5L,299,487,2,0,4
2025-11-12,Dal 1kg,434,430,2,0,9
2025-11-12,Salt 1kg,443,58,2,0,11
2025-11-12,Tea 500g,137,294,2,0,9
2025-11-12,Coffee 200g,115,110,2,0,9
2025-11-12,greenchilli-100g,490,65,2,0,12
2025-11-12,Redchilli-50g,143,703,2,0,6
2025-11-12,GaramMasala,112,340,2,0,2
2025-11-12,Curd-200g,259,196,2,0,7
2025-11-12,garlic100g,473,589,2,0,14
2025-11-12,ginger100g,151,782,2,0,15
2025-11-13,Rice 26kg,80,114,3,0,7
2025-11-13,Sugar,409,789,3,0,19
2025-11-13,Milk 1L,56,143,3,0,15
2025-11-13,Bread,290,313,3,0,8
2025-11-13,Eggs 12pk,21,446,3,0,13
2025-11-13,Cooking Oil 5L,300,186,3,0,4
2025-11-13,Dal 1kg,40,988,3,0,15
2025-11-13,Salt 1kg,279,961,3,0,7
2025-11-13,Tea 500g,435,72,3,0,12
2025-11-13,Coffee 200g,464,296,3,0,5
2025-11-13,greenchilli-100g,165,678,3,0,16
2025-11-13,Redchilli-50g,197,401,3,0,7
2025-11-13,GaramMasala,228,468,3,0,2
2025-11-13,Curd-200g,434,299,3,0,10
2025-11-13,garlic100g,50,467,3,0,16
2025-11-13,ginger100g,65,987,3,0,14
2025-11-14,Rice 26kg,140,712,4,0,6
2025-11-14,Sugar,473,361,4,0,22
2025-11-14,Milk 1L,446,84,4,0,16
2025-11-14,Bread,11,206,4,0,20
2025-11-14,Eggs 12pk,462,933,4,0,13
2025-11-14,Cooking Oil 5L,258,182,4,0,2
2025-11-14,Dal 1kg,159,127,4,0,18
2025-11-14,Salt 1kg,481,258,4,0,10
2025-11-14,Tea 500g,243,331,4,0,15
2025-11-14,Coffee 200g,269,658,4,0,7
2025-11-14,greenchilli-100g,137,138,4,0,10
2025-11-14,Redchilli-50g,263,560,4,0,7
2025-11-14,GaramMasala,172,465,4,0,7
2025-11-14,Curd-200g,40,532,4,0,17
2025-11-14,garlic100g,58,681,4,0,14
2025-11-14,ginger100g,365,889,4,0,16
2025-11-15,Rice 26kg,221,474,5,1,9
2025-11-15,Sugar,318,58,5,1,18
2025-11-15,Milk 1L,478,265,5,1,26
2025-11-15,Bread,289,383,5,1,14
2025-11-15,Eggs 12pk,487,199,5,1,17
2025-11-15,Cooking Oil 5L,83,374,5,1,9
2025-11-15,Dal 1kg,321,663,5,1,23
2025-11-15,Salt 1kg,93,785,5,1,8
2025-11-15,Tea 500g,429,110,5,1,20
2025-11-15,Coffee 200g,328,684,5,1,13
2025-11-15,greenchilli-100g,84,64,5,1,17
2025-11-15,Redchilli-50g,325,329,5,1,16
2025-11-15,GaramMasala,478,171,5,1,11
2025-11-15,Curd-200g,402,289,5,1,15
2025-11-15,garlic100g,149,1000,5,1,17
2025-11-15,ginger100g,23,677,5,1,23
2025-11-16,Rice 26kg,307,673,6,1,7
2025-11-16,Sugar,152,983,6,1,13
2025-11-16,Milk 1L,164,733,6,1,31
2025-11-16,Bread,313,597,6,1,20
2025-11-16,Eggs 12pk,123,142,6,1,20
2025-11-16,Cooking Oil 5L,240,196,6,1,4
2025-11-16,Dal 1kg,497,621,6,1,19
2025-11-16,Salt 1kg,492,78,6,1,20
2025-11-16,Tea 500g,24,751,6,1,10
2025-11-16,Coffee 200g,418,607,6,1,16
2025-11-16,greenchilli-100g,382,480,6,1,30
2025-11-16,Redchilli-50g,195,648,6,1,6
2025-11-16,GaramMasala,449,656,6,1,10
2025-11-16,Curd-200g,159,394,6,1,20
2025-11-16,garlic100g,66,998,6,1,25
2025-11-16,ginger100g,273,71,6,1,20
2025-11-17,Rice 26kg,270,319,0,0,4
2025-11-17,Sugar,360,984,0,0,10
2025-11-17,Milk 1L,366,166,0,0,23
2025-11-17,Bread,445,167,0,0,21
2025-11-17,Eggs 12pk,113,714,0,0,15
2025-11-17,Cooking Oil 5L,80,991,0,0,6
2025-11-17,Dal 1kg,65,870,0,0,12
2025-11-17,Salt 1kg,472,636,0,0,9
2025-11-17,Tea 500g,99,740,0,0,11
2025-11-17,Coffee 200g,226,611,0,0,3
2025-11-17,greenchilli-100g,449,335,0,0,20
2025-11-17,Redchilli-50g,312,561,0,0,9
2025-11-17,GaramMasala,243,551,0,0,5
2025-11-17,Curd-200g,38,504,0,0,7
2025-11-17,garlic100g,268,678,0,0,8
2025-11-17,ginger100g,37,895,0,0,7
2025-11-18,Rice 26kg,59,484,1,0,5
2025-11-18,Sugar,427,654,1,0,14
2025-11-18,Milk 1L,222,613,1,0,27
2025-11-18,Bread,363,842,1,0,9
2025-11-18,Eggs 12pk,363,412,1,0,16
2025-11-18,Cooking Oil 5L,106,459,1,0,3
2025-11-18,Dal 1kg,154,111,1,0,15
2025-11-18,Salt 1kg,84,900,1,0,9
2025-11-18,Tea 500g,243,909,1,0,9
2025-11-18,Coffee 200g,384,569,1,0,12
2025-11-18,greenchilli-100g,465,111,1,0,15
2025-11-18,Redchilli-50g,78,871,1,0,12
2025-11-18,GaramMasala,69,811,1,0,10
2025-11-18,Curd-200g,51,257,1,0,13
2025-11-18,garlic100g,299,166,1,0,9
2025-11-18,ginger100g,449,796,1,0,7
2025-11-19,Rice 26kg,292,839,2,0,5
2025-11-19,Sugar,144,215,2,0,13
2025-11-19,Milk 1L,210,586,2,0,22
2025-11-19,Bread,30,492,2,0,14
2025-11-19,Eggs 12pk,244,497,2,0,20
2025-11-19,Cooking Oil 5L,434,531,2,0,6
2025-11-19,Dal 1kg,329,238,2,0,10
2025-11-19,Salt 1kg,136,613,2,0,6
2025-11-19,Tea 500g,439,618,2,0,15
2025-11-19,Coffee 200g,293,747,2,0,6
2025-11-19,greenchilli-100g,203,177,2,0,22
2025-11-19,Redchilli-50g,225,970,2,0,7
2025-11-19,GaramMasala,207,414,2,0,7
2025-11-19,Curd-200g,289,471,2,0,10
2025-11-19,garlic100g,11,601,2,0,8
2025-11-19,ginger100g,21,75,2,0,17
2025-11-20,Rice 26kg,435,955,3,0,3
2025-11-20,Sugar,241,891,3,0,10
2025-11-20,Milk 1L,460,383,3,0,23
2025-11-20,Bread,487,147,3,0,13
2025-11-20,Eggs 12pk,326,817,3,0,13
2025-11-20,Cooking Oil 5L,491,703,3,0,6
2025-11-20,Dal 1kg,454,567,3,0,6
2025-11-20,Salt 1kg,214,304,3,0,9
2025-11-20,Tea 500g,241,77,3,0,9
2025-11-20,Coffee 200g,12,974,3,0,4
2025-11-20,greenchilli-100g,15,413,3,0,10
2025-11-20,Redchilli-50g,434,395,3,0,8
2025-11-20,GaramMasala,402,776,3,0,4
2025-11-20,Curd-200g,299,821,3,0,13
2025-11-20,garlic100g,209,605,3,0,7
2025-11-20,ginger100g,419,384,3,0,8
2025-11-21,Rice 26kg,206,594,4,0,3
2025-11-21,Sugar,196,368,4,0,10
2025-11-21,Milk 1L,338,819,4,0,20
2025-11-21,Bread,332,445,4,0,17
2025-11-21,Eggs 12pk,392,441,4,0,23
2025-11-21,Cooking Oil 5L,384,345,4,0,3
2025-11-21,Dal 1kg,410,826,4,0,9
2025-11-21,Salt 1kg,49,727,4,0,7
2025-11-21,Tea 500g,253,540,4,0,5
2025-11-21,Coffee 200g,113,459,4,0,10
2025-11-21,greenchilli-100g,77,651,4,0,19
2025-11-21,Redchilli-50g,474,435,4,0,8
2025-11-21,GaramMasala,11,863,4,0,7
2025-11-21,Curd-200g,332,367,4,0,19
2025-11-21,garlic100g,405,126,4,0,13
2025-11-21,ginger100g,487,236,4,0,9
2025-11-22,Rice 26kg,382,535,5,1,11
2025-11-22,Sugar,31,134,5,1,23
2025-11-22,Milk 1L,217,171,5,1,20
2025-11-22,Bread,296,854,5,1,19
2025-11-22,Eggs 12pk,77,68,5,1,28
2025-11-22,Cooking Oil 5L,168,756,5,1,11
2025-11-22,Dal 1kg,372,744,5,1,11
2025-11-22,Salt 1kg,373,903,5,1,13
2025-11-22,Tea 500g,108,999,5,1,16
2025-11-22,Coffee 200g,298,653,5,1,13
2025-11-22,greenchilli-100g,297,740,5,1,18
2025-11-22,Redchilli-50g,308,478,5,1,10
2025-11-22,GaramMasala,81,501,5,1,12
2025-11-22,Curd-200g,215,705,5,1,16
2025-11-22,garlic100g,81,96,5,1,7
2025-11-22,ginger100g,155,613,5,1,18
2025-11-23,Rice 26kg,151,205,6,1,11
2025-11-23,Sugar,311,196,6,1,22
2025-11-23,Milk 1L,93,268,6,1,29
2025-11-23,Bread,196,401,6,1,12
2025-11-23,Eggs 12pk,209,663,6,1,16
2025-11-23,Cooking Oil 5L,469,745,6,1,9
2025-11-23,Dal 1kg,287,122,6,1,15
2025-11-23,Salt 1kg,90,595,6,1,13
2025-11-23,Tea 500g,189,315,6,1,15
2025-11-23,Coffee 200g,108,423,6,1,13
2025-11-23,greenchilli-100g,65,236,6,1,32
2025-11-23,Redchilli-50g,489,841,6,1,16
2025-11-23,GaramMasala,492,452,6,1,11
2025-11-23,Curd-200g,28,592,6,1,15
2025-11-23,garlic100g,484,110,6,1,15
2025-11-23,ginger100g,253,817,6,1,16
2025-11-24,Rice 26kg,50,524,0,0,1
2025-11-24,Sugar,367,806,0,0,16
2025-11-24,Milk 1L,153,699,0,0,26
2025-11-24,Bread,322,824,0,0,19
2025-11-24,Eggs 12pk,303,841,0,0,21
2025-11-24,Cooking Oil 5L,14,960,0,0,5
2025-11-24,Dal 1kg,142,140,0,0,9
2025-11-24,Salt 1kg,235,606,0,0,4
2025-11-24,Tea 500g,407,115,0,0,7
2025-11-24,Coffee 200g,11,455,0,0,11
2025-11-24,greenchilli-100g,45,620,0,0,14
2025-11-24,Redchilli-50g,346,673,0,0,10
2025-11-24,GaramMasala,70,168,0,0,9
2025-11-24,Curd-200g,262,239,0,0,15
2025-11-24,garlic100g,326,547,0,0,11
2025-11-24,ginger100g,193,327,0,0,13
2025-11-25,Rice 26kg,65,347,1,0,3
2025-11-25,Sugar,117,72,1,0,13
2025-11-25,Milk 1L,437,906,1,0,19
2025-11-25,Bread,47,56,1,0,10
2025-11-25,Eggs 12pk,128,739,1,0,15
2025-11-25,Cooking Oil 5L,450,409,1,0,5
2025-11-25,Dal 1kg,368,254,1,0,12
2025-11-25,Salt 1kg,289,248,1,0,11
2025-11-25,Tea 500g,60,160,1,0,7
2025-11-25,Coffee 200g,384,291,1,0,8
2025-11-25,greenchilli-100g,77,256,1,0,17
2025-11-25,Redchilli-50g,44,741,1,0,7
2025-11-25,GaramMasala,222,586,1,0,4
2025-11-25,Curd-200g,321,418,1,0,18
2025-11-25,garlic100g,277,747,1,0,16
2025-11-25,ginger100g,334,673,1,0,9
2025-11-26,Rice 26kg,239,792,2,0,6
2025-11-26,Sugar,195,888,2,0,23
2025-11-26,Milk 1L,485,660,2,0,17
2025-11-26,Bread,396,254,2,0,12
2025-11-26,Eggs 12pk,313,791,2,0,11
2025-11-26,Cooking Oil 5L,15,91,2,0,4
2025-11-26,Dal 1kg,172,987,2,0,12
2025-11-26,Salt 1kg,313,303,2,0,11
2025-11-26,Tea 500g,417,399,2,0,11
2025-11-26,Coffee 200g,375,119,2,0,9
2025-11-26,greenchilli-100g,278,184,2,0,23
2025-11-26,Redchilli-50g,333,551,2,0,6
2025-11-26,GaramMasala,166,734,2,0,4
2025-11-26,Curd-200g,493,540,2,0,7
2025-11-26,garlic100g,395,684,2,0,7
2025-11-26,ginger100g,351,979,2,0,13
2025-11-27,Rice 26kg,364,736,3,0,8
2025-11-27,Sugar,491,589,3,0,23
2025-11-27,Milk 1L,423,746,3,0,25
2025-11-27,Bread,268,393,3,0,16
2025-11-27,Eggs 12pk,97,226,3,0,14
2025-11-27,Cooking Oil 5L,71,736,3,0,2
2025-11-27,Dal 1kg,379,254,3,0,15
2025-11-27,Salt 1kg,463,117,3,0,9
2025-11-27,Tea 500g,387,882,3,0,13
2025-11-27,Coffee 200g,275,290,3,0,9
2025-11-27,greenchilli-100g,259,54,3,0,21
2025-11-27,Redchilli-50g,83,547,3,0,11
2025-11-27,GaramMasala,80,482,3,0,9
2025-11-27,Curd-200g,168,409,3,0,9
2025-11-27,garlic100g,327,748,3,0,18
2025-11-27,ginger100g,97,669,3,0,10
2025-11-28,Rice 26kg,498,603,4,0,3
2025-11-28,Sugar,200,597,4,0,21
2025-11-28,Milk 1L,361,909,4,0,30
2025-11-28,Bread,215,141,4,0,22
2025-11-28,Eggs 12pk,240,931,4,0,7
2025-11-28,Cooking Oil 5L,173,166,4,0,5
2025-11-28,Dal 1kg,367,822,4,0,13
2025-11-28,Salt 1kg,412,856,4,0,7
2025-11-28,Tea 500g,34,833,4,0,10
2025-11-28,Coffee 200g,259,584,4,0,9
2025-11-28,greenchilli-100g,371,474,4,0,19
2025-11-28,Redchilli-50g,375,526,4,0,5
2025-11-28,GaramMasala,427,241,4,0,5
2025-11-28,Curd-200g,20,642,4,0,16
2025-11-28,garlic100g,437,983,4,0,14
2025-11-28,ginger100g,241,966,4,0,7
2025-11-29,Rice 26kg,95,559,5,1,4
2025-11-29,Sugar,103,70,5,1,18
2025-11-29,Milk 1L,49,222,5,1,19
2025-11-29,Bread,113,708,5,1,27
2025-11-29,Eggs 12pk,404,286,5,1,17
2025-11-29,Cooking Oil 5L,81,484,5,1,10
2025-11-29,Dal 1kg,479,685,5,1,16
2025-11-29,Salt 1kg,436,129,5,1,13
2025-11-29,Tea 500g,427,791,5,1,12
2025-11-29,Coffee 200g,282,767,5,1,18
2025-11-29,greenchilli-100g,35,501,5,1,12
2025-11-29,Redchilli-50g,74,824,5,1,7
2025-11-29,GaramMasala,167,219,5,1,12
2025-11-29,Curd-200g,76,196,5,1,24
2025-11-29,garlic100g,270,339,5,1,21
2025-11-29,ginger100g,408,396,5,1,19
2025-11-30,Rice 26kg,111,974,6,1,10
2025-11-30,Sugar,341,416,6,1,24
2025-11-30,Milk 1L,133,724,6,1,16
2025-11-30,Bread,339,784,6,1,16
2025-11-30,Eggs 12pk,445,893,6,1,23
2025-11-30,Cooking Oil 5L,83,269,6,1,8
2025-11-30,Dal 1kg,450,643,6,1,22
2025-11-30,Salt 1kg,185,949,6,1,10
2025-11-30,Tea 500g,35,424,6,1,13
2025-11-30,Coffee 200g,120,917,6,1,14
2025-11-30,greenchilli-100g,403,420,6,1,25
2025-11-30,Redchilli-50g,281,52,6,1,16
2025-11-30,GaramMasala,249,903,6,1,11
2025-11-30,Curd-200g,88,742,6,1,18
2025-11-30,garlic100g,123,588,6,1,8
2025-11-30,ginger100g,496,294,6,1,13
2025-12-01,Rice 26kg,324,336,0,0,5
2025-12-01,Sugar,470,388,0,0,22
2025-12-01,Milk 1L,183,496,0,0,20
2025-12-01,Bread,97,215,0,0,17
2025-12-01,Eggs 12pk,339,346,0,0,23
2025-12-01,Cooking Oil 5L,491,979,0,0,3
2025-12-01,Dal 1kg,78,898,0,0,7
2025-12-01,Salt 1kg,454,600,0,0,5
2025-12-01,Tea 500g,472,876,0,0,12
2025-12-01,Coffee 200g,301,904,0,0,10
2025-12-01,greenchilli-100g,417,322,0,0,8
2025-12-01,Redchilli-50g,479,258,0,0,11
2025-12-01,GaramMasala,349,270,0,0,7
2025-12-01,Curd-200g,285,224,0,0,8
2025-12-01,garlic100g,245,853,0,0,6
2025-12-01,ginger100g,392,253,0,0,15
2025-12-02,Rice 26kg,181,298,1,0,5
2025-12-02,Sugar,13,80,1,0,9
2025-12-02,Milk 1L,343,457,1,0,11
2025-12-02,Bread,24,375,1,0,12
2025-12-02,Eggs 12pk,355,786,1,0,7
2025-12-02,Cooking Oil 5L,389,800,1,0,1
2025-12-02,Dal 1kg,346,209,1,0,12
2025-12-02,Salt 1kg,99,945,1,0,10
2025-12-02,Tea 500g,183,359,1,0,10
2025-12-02,Coffee 200g,231,345,1,0,7
2025-12-02,greenchilli-100g,495,797,1,0,16
2025-12-02,Redchilli-50g,243,144,1,0,5
2025-12-02,GaramMasala,396,364,1,0,8
2025-12-02,Curd-200g,428,744,1,0,10
2025-12-02,garlic100g,476,856,1,0,8
2025-12-02,ginger100g,224,102,1,0,7
2025-12-03,Rice 26kg,416,203,2,0,7
2025-12-03,Sugar,162,142,2,0,12
2025-12-03,Milk 1L,106,523,2,0,24
2025-12-03,Bread,79,692,2,0,13
2025-12-03,Eggs 12pk,452,501,2,0,22
2025-12-03,Cooking Oil 5L,371,279,2,0,2
2025-12-03,Dal 1kg,187,924,2,0,10
2025-12-03,Salt 1kg,291,234,2,0,6
2025-12-03,Tea 500g,36,363,2,0,13
2025-12-03,Coffee 200g,315,472,2,0,7
2025-12-03,greenchilli-100g,318,798,2,0,20
2025-12-03,Redchilli-50g,79,944,2,0,11
2025-12-03,GaramMasala,192,737,2,0,8
2025-12-03,Curd-200g,286,718,2,0,8
2025-12-03,garlic100g,376,400,2,0,14
2025-12-03,ginger100g,198,65,2,0,14
2025-12-04,Rice 26kg,459,962,3,0,6
2025-12-04,Sugar,178,538,3,0,16
2025-12-04,Milk 1L,17,268,3,0,30
2025-12-04,Bread,450,721,3,0,16
2025-12-04,Eggs 12pk,347,948,3,0,15
2025-12-04,Cooking Oil 5L,413,51,3,0,5
2025-12-04,Dal 1kg,324,267,3,0,8
2025-12-04,Salt 1kg,152,129,3,0,9
2025-12-04,Tea 500g,225,463,3,0,10
2025-12-04,Coffee 200g,198,305,3,0,9
2025-12-04,greenchilli-100g,468,542,3,0,19
2025-12-04,Redchilli-50g,418,271,3,0,12
2025-12-04,GaramMasala,116,138,3,0,10
2025-12-04,Curd-200g,58,771,3,0,12
2025-12-04,garlic100g,375,842,3,0,18
2025-12-04,ginger100g,38,457,3,0,16
2025-12-05,Rice 26kg,64,800,4,0,4
2025-12-05,Sugar,164,618,4,0,15
2025-12-05,Milk 1L,95,871,4,0,28
2025-12-05,Bread,485,264,4,0,10
2025-12-05,Eggs 12pk,86,467,4,0,19
2025-12-05,Cooking Oil 5L,207,555,4,0,4
2025-12-05,Dal 1kg,418,621,4,0,13
2025-12-05,Salt 1kg,112,188,4,0,7
2025-12-05,Tea 500g,461,564,4,0,6
2025-12-05,Coffee 200g,377,52,4,0,9
2025-12-05,greenchilli-100g,220,675,4,0,21
2025-12-05,Redchilli-50g,36,832,4,0,6
2025-12-05,GaramMasala,308,909,4,0,4
2025-12-05,Curd-200g,427,434,4,0,9
2025-12-05,garlic100g,199,921,4,0,10
2025-12-05,ginger100g,112,178,4,0,13
2025-12-06,Rice 26kg,268,465,5,1,4
2025-12-06,Sugar,190,112,5,1,18
2025-12-06,Milk 1L,212,103,5,1,20
2025-12-06,Bread,367,885,5,1,16
2025-12-06,Eggs 12pk,276,587,5,1,27
2025-12-06,Cooking Oil 5L,87,364,5,1,12
2025-12-06,Dal 1kg,437,852,5,1,16
2025-12-06,Salt 1kg,48,654,5,1,9
2025-12-06,Tea 500g,497,816,5,1,18
2025-12-06,Coffee 200g,270,744,5,1,11
2025-12-06,greenchilli-100g,139,893,5,1,28
2025-12-06,Redchilli-50g,125,394,5,1,19
2025-12-06,GaramMasala,494,1000,5,1,9
2025-12-06,Curd-200g,116,469,5,1,15
2025-12-06,garlic100g,385,539,5,1,21
2025-12-06,ginger100g,395,805,5,1,15
2025-12-07,Rice 26kg,252,419,6,1,7
2025-12-07,Sugar,406,83,6,1,20
2025-12-07,Milk 1L,367,98,6,1,19
2025-12-07,Bread,240,84,6,1,24
2025-12-07,Eggs 12pk,500,795,6,1,14
2025-12-07,Cooking Oil 5L,477,980,6,1,14
2025-12-07,Dal 1kg,415,371,6,1,16
2025-12-07,Salt 1kg,447,416,6,1,10
2025-12-07,Tea 500g,211,416,6,1,18
2025-12-07,Coffee 200g,29,592,6,1,13
2025-12-07,greenchilli-100g,49,75,6,1,25
2025-12-07,Redchilli-50g,23,438,6,1,16
2025-12-07,GaramMasala,303,841,6,1,14
2025-12-07,Curd-200g,302,395,6,1,21
2025-12-07,garlic100g,139,744,6,1,16
2025-12-07,ginger100g,437,434,6,1,12
2025-12-08,Rice 26kg,228,628,0,0,2
2025-12-08,Sugar,294,805,0,0,9
2025-12-08,Milk 1L,261,94,0,0,13
2025-12-08,Bread,323,954,0,0,20
2025-12-08,Eggs 12pk,387,517,0,0,19
2025-12-08,Cooking Oil 5L,163,539,0,0,5
2025-12-08,Dal 1kg,99,471,0,0,17
2025-12-08,Salt 1kg,24,711,0,0,5
2025-12-08,Tea 500g,278,189,0,0,11
2025-12-08,Coffee 200g,49,293,0,0,12
2025-12-08,greenchilli-100g,57,818,0,0,19
2025-12-08,Redchilli-50g,74,101,0,0,6
2025-12-08,GaramMasala,331,118,0,0,5
2025-12-08,Curd-200g,201,64,0,0,18
2025-12-08,garlic100g,363,443,0,0,13
2025-12-08,ginger100g,308,874,0,0,13
2025-12-09,Rice 26kg,367,651,1,0,3
2025-12-09,Sugar,273,523,1,0,10
2025-12-09,Milk 1L,174,426,1,0,14
2025-12-09,Bread,134,694,1,0,15
2025-12-09,Eggs 12pk,251,967,1,0,10
2025-12-09,Cooking Oil 5L,466,764,1,0,1
2025-12-09,Dal 1kg,151,301,1,0,17
2025-12-09,Salt 1kg,165,582,1,0,9
2025-12-09,Tea 500g,413,447,1,0,10
2025-12-09,Coffee 200g,390,540,1,0,9
2025-12-09,greenchilli-100g,492,740,1,0,11
2025-12-09,Redchilli-50g,103,911,1,0,2
2025-12-09,GaramMasala,188,915,1,0,8
2025-12-09,Curd-200g,103,538,1,0,9
2025-12-09,garlic100g,296,222,1,0,9
2025-12-09,ginger100g,185,366,1,0,10
2025-12-10,Rice 26kg,12,792,2,0,6
2025-12-10,Sugar,360,220,2,0,13
2025-12-10,Milk 1L,430,349,2,0,28
2025-12-10,Bread,248,807,2,0,9
2025-12-10,Eggs 12pk,269,583,2,0,21
2025-12-10,Cooking Oil 5L,387,632,2,0,6
2025-12-10,Dal 1kg,346,598,2,0,10
2025-12-10,Salt 1kg,249,156,2,0,7
2025-12-10,Tea 500g,72,470,2,0,5
2025-12-10,Coffee 200g,39,792,2,0,5
2025-12-10,greenchilli-100g,252,452,2,0,26
2025-12-10,Redchilli-50g,305,653,2,0,10
2025-12-10,GaramMasala,493,626,2,0,2
2025-12-10,Curd-200g,260,864,2,0,16
2025-12-10,garlic100g,84,158,2,0,10
2025-12-10,ginger100g,472,82,2,0,10
2025-12-11,Rice 26kg,289,277,3,0,7
2025-12-11,Sugar,485,310,3,0,23
2025-12-11,Milk 1L,395,305,3,0,23
2025-12-11,Bread,207,906,3,0,21
2025-12-11,Eggs 12pk,114,909,3,0,24
2025-12-11,Cooking Oil 5L,208,729,3,0,2
2025-12-11,Dal 1kg,142,184,3,0,7
2025-12-11,Salt 1kg,327,902,3,0,12
2025-12-11,Tea 500g,360,986,3,0,12
2025-12-11,Coffee 200g,373,414,3,0,10
2025-12-11,greenchilli-100g,431,150,3,0,14
2025-12-11,Redchilli-50g,177,436,3,0,11
2025-12-11,GaramMasala,399,383,3,0,8
2025-12-11,Curd-200g,266,421,3,0,14
2025-12-11,garlic100g,339,459,3,0,17
2025-12-11,ginger100g,15,373,3,0,12
2025-12-12,Rice 26kg,420,231,4,0,4
2025-12-12,Sugar,29,745,4,0,19
2025-12-12,Milk 1L,430,73,4,0,28
2025-12-12,Bread,300,98,4,0,18
2025-12-12,Eggs 12pk,117,130,4,0,19
2025-12-12,Cooking Oil 5L,30,523,4,0,5
2025-12-12,Dal 1kg,125,166,4,0,11
2025-12-12,Salt 1kg,204,755,4,0,7
2025-12-12,Tea 500g,93,470,4,0,13
2025-12-12,Coffee 200g,264,100,4,0,9
2025-12-12,greenchilli-100g,449,346,4,0,17
2025-12-12,Redchilli-50g,412,654,4,0,7
2025-12-12,GaramMasala,84,389,4,0,2
2025-12-12,Curd-200g,253,929,4,0,18
2025-12-12,garlic100g,232,400,4,0,13
2025-12-12,ginger100g,173,454,4,0,17
2025-12-13,Rice 26kg,112,736,5,1,6
2025-12-13,Sugar,84,611,5,1,21
2025-12-13,Milk 1L,189,554,5,1,19
2025-12-13,Bread,219,260,5,1,19
2025-12-13,Eggs 12pk,180,121,5,1,14
2025-12-13,Cooking Oil 5L,328,75,5,1,12
2025-12-13,Dal 1kg,22,235,5,1,14
2025-12-13,Salt 1kg,362,73,5,1,12
2025-12-13,Tea 500g,176,498,5,1,20
2025-12-13,Coffee 200g,397,81,5,1,5
2025-12-13,greenchilli-100g,269,482,5,1,25
2025-12-13,Redchilli-50g,247,895,5,1,12
2025-12-13,GaramMasala,248,253,5,1,11
2025-12-13,Curd-200g,437,436,5,1,16
2025-12-13,garlic100g,266,563,5,1,11
2025-12-13,ginger100g,107,615,5,1,22
2025-12-14,Rice 26kg,167,715,6,1,10
2025-12-14,Sugar,197,473,6,1,29
2025-12-14,Milk 1L,207,225,6,1,26
2025-12-14,Bread,106,397,6,1,20
2025-12-14,Eggs 12pk,38,549,6,1,26
2025-12-14,Cooking Oil 5L,47,100,6,1,11
2025-12-14,Dal 1kg,210,772,6,1,22
2025-12-14,Salt 1kg,247,291,6,1,12
2025-12-14,Tea 500g,480,888,6,1,18
2025-12-14,Coffee 200g,443,633,6,1,11
2025-12-14,greenchilli-100g,206,904,6,1,15
2025-12-14,Redchilli-50g,406,974,6,1,12
2025-12-14,GaramMasala,452,153,6,1,9
2025-12-14,Curd-200g,358,993,6,1,19
2025-12-14,garlic100g,171,573,6,1,10
2025-12-14,ginger100g,490,224,6,1,16
2025-12-15,Rice 26kg,80,710,0,0,5
2025-12-15,Sugar,330,133,0,0,14
2025-12-15,Milk 1L,307,996,0,0,13
2025-12-15,Bread,437,668,0,0,8
2025-12-15,Eggs 12pk,425,245,0,0,9
2025-12-15,Cooking Oil 5L,461,636,0,0,6
2025-12-15,Dal 1kg,463,847,0,0,16
2025-12-15,Salt 1kg,205,92,0,0,9
2025-12-15,Tea 500g,125,476,0,0,12
2025-12-15,Coffee 200g,382,53,0,0,5
2025-12-15,greenchilli-100g,25,904,0,0,15
2025-12-15,Redchilli-50g,477,54,0,0,11
2025-12-15,GaramMasala,479,76,0,0,3
2025-12-15,Curd-200g,379,604,0,0,13
2025-12-15,garlic100g,100,667,0,0,14
2025-12-15,ginger100g,406,898,0,0,16
2025-12-16,Rice 26kg,24,970,1,0,5
2025-12-16,Sugar,477,212,1,0,17
2025-12-16,Milk 1L,56,474,1,0,20
2025-12-16,Bread,320,540,1,0,14
2025-12-16,Eggs 12pk,173,847,1,0,13
2025-12-16,Cooking Oil 5L,371,816,1,0,4
2025-12-16,Dal 1kg,176,285,1,0,14
2025-12-16,Salt 1kg,91,861,1,0,8
2025-12-16,Tea 500g,190,73,1,0,10
2025-12-16,Coffee 200g,183,580,1,0,5
2025-12-16,greenchilli-100g,384,907,1,0,18
2025-12-16,Redchilli-50g,318,512,1,0,13
2025-12-16,GaramMasala,385,164,1,0,10
2025-12-16,Curd-200g,493,723,1,0,21
2025-12-16,garlic100g,447,163,1,0,8
2025-12-16,ginger100g,184,831,1,0,13
2025-12-17,Rice 26kg,338,231,2,0,2
2025-12-17,Sugar,452,709,2,0,12
2025-12-17,Milk 1L,283,686,2,0,25
2025-12-17,Bread,196,372,2,0,18
2025-12-17,Eggs 12pk,172,766,2,0,22
2025-12-17,Cooking Oil 5L,197,285,2,0,5
2025-12-17,Dal 1kg,12,532,2,0,12
2025-12-17,Salt 1kg,166,79,2,0,8
2025-12-17,Tea 500g,209,89,2,0,15
2025-12-17,Coffee 200g,358,903,2,0,11
2025-12-17,greenchilli-100g,405,889,2,0,24
2025-12-17,Redchilli-50g,317,614,2,0,6
2025-12-17,GaramMasala,478,530,2,0,10
2025-12-17,Curd-200g,132,641,2,0,18
2025-12-17,garlic100g,392,244,2,0,14
2025-12-17,ginger100g,378,603,2,0,8
2025-12-18,Rice 26kg,169,958,3,0,5
2025-12-18,Sugar,62,856,3,0,11
2025-12-18,Milk 1L,144,524,3,0,22
2025-12-18,Bread,266,290,3,0,20
2025-12-18,Eggs 12pk,142,127,3,0,7
2025-12-18,Cooking Oil 5L,113,720,3,0,3
2025-12-18,Dal 1kg,122,296,3,0,13
2025-12-18,Salt 1kg,409,135,3,0,6
2025-12-18,Tea 500g,120,168,3,0,13
2025-12-18,Coffee 200g,218,691,3,0,3
2025-12-18,greenchilli-100g,151,577,3,0,14
2025-12-18,Redchilli-50g,389,286,3,0,14
2025-12-18,GaramMasala,218,62,3,0,9
2025-12-18,Curd-200g,48,413,3,0,16
2025-12-18,garlic100g,274,519,3,0,14
2025-12-18,ginger100g,163,188,3,0,10
2025-12-19,Rice 26kg,326,805,4,0,6
2025-12-19,Sugar,16,106,4,0,17
2025-12-19,Milk 1L,441,107,4,0,26
2025-12-19,Bread,106,860,4,0,8
2025-12-19,Eggs 12pk,243,588,4,0,20
2025-12-19,Cooking Oil 5L,176,840,4,0,2
2025-12-19,Dal 1kg,135,51,4,0,5
2025-12-19,Salt 1kg,415,279,4,0,7
2025-12-19,Tea 500g,232,643,4,0,10
2025-12-19,Coffee 200g,482,382,4,0,9
2025-12-19,greenchilli-100g,248,117,4,0,24
2025-12-19,Redchilli-50g,426,113,4,0,5
2025-12-19,GaramMasala,120,916,4,0,7
2025-12-19,Curd-200g,215,990,4,0,18
2025-12-19,garlic100g,381,201,4,0,6
2025-12-19,ginger100g,250,413,4,0,11
2025-12-20,Rice 26kg,231,69,5,1,11
2025-12-20,Sugar,131,376,5,1,15
2025-12-20,Milk 1L,62,252,5,1,34
2025-12-20,Bread,466,323,5,1,26
2025-12-20,Eggs 12pk,63,910,5,1,28
2025-12-20,Cooking Oil 5L,76,957,5,1,13
2025-12-20,Dal 1kg,362,536,5,1,15
2025-12-20,Salt 1kg,116,706,5,1,18
2025-12-20,Tea 500g,214,238,5,1,15
2025-12-20,Coffee 200g,328,324,5,1,17
2025-12-20,greenchilli-100g,395,481,5,1,33
2025-12-20,Redchilli-50g,256,998,5,1,13
2025-12-20,GaramMasala,383,953,5,1,13
2025-12-20,Curd-200g,65,269,5,1,18
2025-12-20,garlic100g,488,745,5,1,12
2025-12-20,ginger100g,154,715,5,1,25
2025-12-21,Rice 26kg,265,423,6,1,10
2025-12-21,Sugar,11,708,6,1,18
2025-12-21,Milk 1L,129,294,6,1,15
2025-12-21,Bread,351,595,6,1,19
2025-12-21,Eggs 12pk,121,581,6,1,18
2025-12-21,Cooking Oil 5L,280,327,6,1,10
2025-12-21,Dal 1kg,466,439,6,1,15
2025-12-21,Salt 1kg,54,672,6,1,10
2025-12-21,Tea 500g,186,868,6,1,17
2025-12-21,Coffee 200g,82,490,6,1,15
2025-12-21,greenchilli-100g,330,320,6,1,17
2025-12-21,Redchilli-50g,252,538,6,1,9
2025-12-21,GaramMasala,221,252,6,1,12
2025-12-21,Curd-200g,125,105,6,1,25
2025-12-21,garlic100g,395,528,6,1,13
2025-12-21,ginger100g,114,331,6,1,17
2025-12-22,Rice 26kg,303,642,0,0,1
2025-12-22,Sugar,333,431,0,0,11
2025-12-22,Milk 1L,305,263,0,0,21
2025-12-22,Bread,282,687,0,0,10
2025-12-22,Eggs 12pk,63,874,0,0,11
2025-12-22,Cooking Oil 5L,423,307,0,0,5
2025-12-22,Dal 1kg,431,730,0,0,16
2025-12-22,Salt 1kg,96,608,0,0,8
2025-12-22,Tea 500g,315,872,0,0,15
2025-12-22,Coffee 200g,124,461,0,0,11
2025-12-22,greenchilli-100g,67,276,0,0,21
2025-12-22,Redchilli-50g,34,54,0,0,6
2025-12-22,GaramMasala,353,133,0,0,8
2025-12-22,Curd-200g,152,209,0,0,14
2025-12-22,garlic100g,414,346,0,0,17
2025-12-22,ginger100g,278,847,0,0,15
2025-12-23,Rice 26kg,172,549,1,0,3
2025-12-23,Sugar,329,153,1,0,20
2025-12-23,Milk 1L,180,885,1,0,25
2025-12-23,Bread,137,855,1,0,18
2025-12-23,Eggs 12pk,443,184,1,0,17
2025-12-23,Cooking Oil 5L,463,486,1,0,4
2025-12-23,Dal 1kg,341,191,1,0,13
2025-12-23,Salt 1kg,419,801,1,0,8
2025-12-23,Tea 500g,81,460,1,0,9
2025-12-23,Coffee 200g,250,789,1,0,11
2025-12-23,greenchilli-100g,264,816,1,0,24
2025-12-23,Redchilli-50g,403,861,1,0,14
2025-12-23,GaramMasala,428,849,1,0,6
2025-12-23,Curd-200g,139,906,1,0,11
2025-12-23,garlic100g,329,804,1,0,13
2025-12-23,ginger100g,81,250,1,0,18
2025-12-24,Rice 26kg,320,931,2,0,6
2025-12-24,Sugar,403,976,2,0,9
2025-12-24,Milk 1L,443,973,2,0,23
2025-12-24,Bread,117,174,2,0,12
2025-12-24,Eggs 12pk,496,708,2,0,8
2025-12-24,Cooking Oil 5L,99,944,2,0,4
2025-12-24,Dal 1kg,423,182,2,0,19
2025-12-24,Salt 1kg,135,221,2,0,7
2025-12-24,Tea 500g,95,748,2,0,11
2025-12-24,Coffee 200g,354,125,2,0,5
2025-12-24,greenchilli-100g,97,799,2,0,12
2025-12-24,Redchilli-50g,475,540,2,0,7
2025-12-24,GaramMasala,276,913,2,0,9
2025-12-24,Curd-200g,231,752,2,0,9
2025-12-24,garlic100g,58,462,2,0,10
2025-12-24,ginger100g,490,475,2,0,10
2025-12-25,Rice 26kg,143,796,3,0,5
2025-12-25,Sugar,226,850,3,0,22
2025-12-25,Milk 1L,182,849,3,0,9
2025-12-25,Bread,231,484,3,0,12
2025-12-25,Eggs 12pk,235,71,3,0,20
2025-12-25,Cooking Oil 5L,97,678,3,0,5
2025-12-25,Dal 1kg,103,866,3,0,19
2025-12-25,Salt 1kg,118,322,3,0,10
2025-12-25,Tea 500g,91,439,3,0,9
2025-12-25,Coffee 200g,441,124,3,0,11
2025-12-25,greenchilli-100g,235,391,3,0,22
2025-12-25,Redchilli-50g,27,954,3,0,9
2025-12-25,GaramMasala,432,354,3,0,6
2025-12-25,Curd-200g,273,661,3,0,8
2025-12-25,garlic100g,407,437,3,0,13
2025-12-25,ginger100g,111,277,3,0,16
2025-12-26,Rice 26kg,55,774,4,0,5
2025-12-26,Sugar,200,289,4,0,19
2025-12-26,Milk 1L,56,600,4,0,18
2025-12-26,Bread,238,836,4,0,8
2025-12-26,Eggs 12pk,130,66,4,0,16
2025-12-26,Cooking Oil 5L,253,484,4,0,4
2025-12-26,Dal 1kg,291,250,4,0,9
2025-12-26,Salt 1kg,332,603,4,0,4
2025-12-26,Tea 500g,208,466,4,0,9
2025-12-26,Coffee 200g,486,207,4,0,6
2025-12-26,greenchilli-100g,163,238,4,0,7
2025-12-26,Redchilli-50g,125,867,4,0,5
2025-12-26,GaramMasala,146,915,4,0,4
2025-12-26,Curd-200g,394,498,4,0,18
2025-12-26,garlic100g,384,906,4,0,8
2025-12-26,ginger100g,374,115,4,0,15
2025-12-27,Rice 26kg,153,403,5,1,9
2025-12-27,Sugar,264,709,5,1,14
2025-12-27,Milk 1L,235,837,5,1,29
2025-12-27,Bread,465,353,5,1,20
2025-12-27,Eggs 12pk,198,890,5,1,16
2025-12-27,Cooking Oil 5L,438,71,5,1,9
2025-12-27,Dal 1kg,100,779,5,1,20
2025-12-27,Salt 1kg,174,292,5,1,12
2025-12-27,Tea 500g,12,98,5,1,15
2025-12-27,Coffee 200g,124,461,5,1,8
2025-12-27,greenchilli-100g,463,132,5,1,22
2025-12-27,Redchilli-50g,284,460,5,1,15
2025-12-27,GaramMasala,66,972,5,1,10
2025-12-27,Curd-200g,34,483,5,1,24
2025-12-27,garlic100g,274,262,5,1,13
2025-12-27,ginger100g,253,185,5,1,15
2025-12-28,Rice 26kg,171,355,6,1,6
2025-12-28,Sugar,421,933,6,1,24
2025-12-28,Milk 1L,46,869,6,1,15
2025-12-28,Bread,489,266,6,1,22
2025-12-28,Eggs 12pk,69,711,6,1,12
2025-12-28,Cooking Oil 5L,448,133,6,1,4
2025-12-28,Dal 1kg,112,891,6,1,15
2025-12-28,Salt 1kg,89,499,6,1,14
2025-12-28,Tea 500g,342,776,6,1,9
2025-12-28,Coffee 200g,293,575,6,1,13
2025-12-28,greenchilli-100g,173,604,6,1,25
2025-12-28,Redchilli-50g,64,780,6,1,9
2025-12-28,GaramMasala,492,643,6,1,11
2025-12-28,Curd-200g,359,443,6,1,23
2025-12-28,garlic100g,345,886,6,1,15
2025-12-28,ginger100g,400,954,6,1,16
2025-12-29,Rice 26kg,397,310,0,0,3
2025-12-29,Sugar,118,317,0,0,23
2025-12-29,Milk 1L,391,577,0,0,29
2025-12-29,Bread,251,638,0,0,12
2025-12-29,Eggs 12pk,237,357,0,0,8
2025-12-29,Cooking Oil 5L,154,318,0,0,1
2025-12-29,Dal 1kg,488,930,0,0,14
2025-12-29,Salt 1kg,26,129,0,0,7
2025-12-29,Tea 500g,67,365,0,0,15
2025-12-29,Coffee 200g,330,269,0,0,4
2025-12-29,greenchilli-100g,126,257,0,0,21
2025-12-29,Redchilli-50g,345,848,0,0,11
2025-12-29,GaramMasala,206,733,0,0,5
2025-12-29,Curd-200g,469,70,0,0,12
2025-12-29,garlic100g,439,650,0,0,17
2025-12-29,ginger100g,109,587,0,0,17
2025-12-30,Rice 26kg,441,919,1,0,4
2025-12-30,Sugar,60,370,1,0,19
2025-12-30,Milk 1L,129,146,1,0,28
2025-12-30,Bread,46,745,1,0,17
2025-12-30,Eggs 12pk,35,440,1,0,16
2025-12-30,Cooking Oil 5L,248,377,1,0,5
2025-12-30,Dal 1kg,31,262,1,0,16
2025-12-30,Salt 1kg,140,614,1,0,6
2025-12-30,Tea 500g,495,256,1,0,12
2025-12-30,Coffee 200g,312,689,1,0,14
2025-12-30,greenchilli-100g,366,568,1,0,15
2025-12-30,Redchilli-50g,57,725,1,0,5
2025-12-30,GaramMasala,351,177,1,0,6
2025-12-30,Curd-200g,439,187,1,0,18
2025-12-30,garlic100g,122,132,1,0,17
2025-12-30,ginger100g,188,379,1,0,17
2025-12-31,Rice 26kg,258,759,2,0,1
2025-12-31,Sugar,324,537,2,0,23
2025-12-31,Milk 1L,251,727,2,0,12
2025-12-31,Bread,271,967,2,0,18
2025-12-31,Eggs 12pk,212,822,2,0,14
2025-12-31,Cooking Oil 5L,149,405,2,0,4
2025-12-31,Dal 1kg,168,681,2,0,10
2025-12-31,Salt 1kg,409,273,2,0,5
2025-12-31,Tea 500g,457,62,2,0,13
2025-12-31,Coffee 200g,254,381,2,0,6
2025-12-31,greenchilli-100g,284,317,2,0,26
2025-12-31,Redchilli-50g,42,681,2,0,5
2025-12-31,GaramMasala,296,372,2,0,6
2025-12-31,Curd-200g,279,368,2,0,12
2025-12-31,garlic100g,57,223,2,0,14
2025-12-31,ginger100g,338,423,2,0,17
2026-01-01,Rice 26kg,294,467,3,0,3
2026-01-01,Sugar,441,208,3,0,20
2026-01-01,Milk 1L,406,642,3,0,28
2026-01-01,Bread,96,825,3,0,20
2026-01-01,Eggs 12pk,149,381,3,0,22
2026-01-01,Cooking Oil 5L,409,855,3,0,4
2026-01-01,Dal 1kg,340,340,3,0,12
2026-01-01,Salt 1kg,379,301,3,0,6
2026-01-01,Tea 500g,278,198,3,0,6
2026-01-01,Coffee 200g,305,483,3,0,9
2026-01-01,greenchilli-100g,455,126,3,0,8
2026-01-01,Redchilli-50g,129,789,3,0,13
2026-01-01,GaramMasala,407,871,3,0,2
2026-01-01,Curd-200g,245,179,3,0,19
2026-01-01,garlic100g,295,285,3,0,14
2026-01-01,ginger100g,247,98,3,0,15
2026-01-02,Rice 26kg,382,216,4,0,2
2026-01-02,Sugar,89,569,4,0,16
2026-01-02,Milk 1L,156,79,4,0,27
2026-01-02,Bread,345,173,4,0,16
2026-01-02,Eggs 12pk,335,570,4,0,12
2026-01-02,Cooking Oil 5L,151,56,4,0,4
2026-01-02,Dal 1kg,216,695,4,0,12
2026-01-02,Salt 1kg,433,540,4,0,5
2026-01-02,Tea 500g,189,432,4,0,8
2026-01-02,Coffee 200g,176,63,4,0,5
2026-01-02,greenchilli-100g,118,174,4,0,27
2026-01-02,Redchilli-50g,450,462,4,0,12
2026-01-02,GaramMasala,401,191,4,0,2
2026-01-02,Curd-200g,427,690,4,0,13
2026-01-02,garlic100g,402,156,4,0,7
2026-01-02,ginger100g,411,242,4,0,10
2026-01-03,Rice 26kg,37,533,5,1,9
2026-01-03,Sugar,130,554,5,1,25
2026-01-03,Milk 1L,353,718,5,1,33
2026-01-03,Bread,431,915,5,1,28
2026-01-03,Eggs 12pk,133,111,5,1,18
2026-01-03,Cooking Oil 5L,105,777,5,1,10
2026-01-03,Dal 1kg,257,848,5,1,19
2026-01-03,Salt 1kg,189,577,5,1,10
2026-01-03,Tea 500g,499,807,5,1,18
2026-01-03,Coffee 200g,253,483,5,1,20
2026-01-03,greenchilli-100g,133,745,5,1,26
2026-01-03,Redchilli-50g,179,171,5,1,17
2026-01-03,GaramMasala,89,552,5,1,11
2026-01-03,Curd-200g,415,831,5,1,10
2026-01-03,garlic100g,472,591,5,1,22
2026-01-03,ginger100g,256,327,5,1,15
2026-01-04,Rice 26kg,67,895,6,1,9
2026-01-04,Sugar,309,359,6,1,17
2026-01-04,Milk 1L,395,260,6,1,21
2026-01-04,Bread,257,501,6,1,8
2026-01-04,Eggs 12pk,370,729,6,1,16
2026-01-04,Cooking Oil 5L,90,506,6,1,10
2026-01-04,Dal 1kg,65,409,6,1,16
2026-01-04,Salt 1kg,311,459,6,1,10
2026-01-04,Tea 500g,47,549,6,1,13
2026-01-04,Coffee 200g,53,90,6,1,11
2026-01-04,greenchilli-100g,76,308,6,1,26
2026-01-04,Redchilli-50g,214,133,6,1,14
2026-01-04,GaramMasala,14,577,6,1,5
2026-01-04,Curd-200g,463,663,6,1,20
2026-01-04,garlic100g,133,183,6,1,19
2026-01-04,ginger100g,286,883,6,1,18
2026-01-05,Rice 26kg,213,382,0,0,6
2026-01-05,Sugar,256,359,0,0,11
2026-01-05,Milk 1L,92,715,0,0,26
2026-01-05,Bread,338,882,0,0,9
2026-01-05,Eggs 12pk,294,179,0,0,24
2026-01-05,Cooking Oil 5L,245,72,0,0,2
2026-01-05,Dal 1kg,308,676,0,0,12
2026-01-05,Salt 1kg,212,321,0,0,7
2026-01-05,Tea 500g,242,403,0,0,12
2026-01-05,Coffee 200g,66,749,0,0,8
2026-01-05,greenchilli-100g,206,77,0,0,14
2026-01-05,Redchilli-50g,411,681,0,0,13
2026-01-05,GaramMasala,276,513,0,0,4
2026-01-05,Curd-200g,276,267,0,0,14
2026-01-05,garlic100g,38,839,0,0,11
2026-01-05,ginger100g,441,202,0,0,12
2026-01-06,Rice 26kg,252,340,1,0,4
2026-01-06,Sugar,131,955,1,0,12
2026-01-06,Milk 1L,103,312,1,0,26
2026-01-06,Bread,196,700,1,0,13
2026-01-06,Eggs 12pk,261,148,1,0,15
2026-01-06,Cooking Oil 5L,140,474,1,0,1
2026-01-06,Dal 1kg,326,951,1,0,16
2026-01-06,Salt 1kg,169,786,1,0,6
2026-01-06,Tea 500g,458,267,1,0,6
2026-01-06,Coffee 200g,318,823,1,0,8
2026-01-06,greenchilli-100g,130,743,1,0,11
2026-01-06,Redchilli-50g,179,114,1,0,6
2026-01-06,GaramMasala,470,443,1,0,9
2026-01-06,Curd-200g,301,697,1,0,10
2026-01-06,garlic100g,473,165,1,0,6
2026-01-06,ginger100g,265,86,1,0,17
2026-01-07,Rice 26kg,195,627,2,0,6
2026-01-07,Sugar,233,923,2,0,12
2026-01-07,Milk 1L,197,614,2,0,24
2026-01-07,Bread,391,428,2,0,14
2026-01-07,Eggs 12pk,42,672,2,0,14
2026-01-07,Cooking Oil 5L,477,427,2,0,5
2026-01-07,Dal 1kg,54,560,2,0,13
2026-01-07,Salt 1kg,350,62,2,0,5
2026-01-07,Tea 500g,231,471,2,0,6
2026-01-07,Coffee 200g,24,72,2,0,8
2026-01-07,greenchilli-100g,154,836,2,0,22
2026-01-07,Redchilli-50g,392,935,2,0,7
2026-01-07,GaramMasala,498,495,2,0,5
2026-01-07,Curd-200g,323,248,2,0,15
2026-01-07,garlic100g,63,710,2,0,12
2026-01-07,ginger100g,111,212,2,0,14
2026-01-08,Rice 26kg,324,319,3,0,4
2026-01-08,Sugar,448,900,3,0,9
2026-01-08,Milk 1L,154,695,3,0,20
2026-01-08,Bread,383,572,3,0,11
2026-01-08,Eggs 12pk,241,485,3,0,17
2026-01-08,Cooking Oil 5L,477,234,3,0,6
2026-01-08,Dal 1kg,268,305,3,0,7
2026-01-08,Salt 1kg,86,366,3,0,9
2026-01-08,Tea 500g,132,597,3,0,10
2026-01-08,Coffee 200g,91,317,3,0,5
2026-01-08,greenchilli-100g,411,968,3,0,14
2026-01-08,Redchilli-50g,116,671,3,0,6
2026-01-08,GaramMasala,201,767,3,0,8
2026-01-08,Curd-200g,339,998,3,0,19
2026-01-08,garlic100g,161,646,3,0,9
2026-01-08,ginger100g,293,853,3,0,11
2026-01-09,Rice 26kg,482,838,4,0,4
2026-01-09,Sugar,87,116,4,0,11
2026-01-09,Milk 1L,366,269,4,0,19
2026-01-09,Bread,53,71,4,0,10
2026-01-09,Eggs 12pk,139,820,4,0,9
2026-01-09,Cooking Oil 5L,123,68,4,0,5
2026-01-09,Dal 1kg,489,714,4,0,17
2026-01-09,Salt 1kg,91,449,4,0,4
2026-01-09,Tea 500g,327,331,4,0,9
2026-01-09,Coffee 200g,126,413,4,0,9
2026-01-09,greenchilli-100g,309,158,4,0,20
2026-01-09,Redchilli-50g,182,837,4,0,12
2026-01-09,GaramMasala,239,496,4,0,5
2026-01-09,Curd-200g,368,116,4,0,10
2026-01-09,garlic100g,207,877,4,0,11
2026-01-09,ginger100g,209,287,4,0,11
2026-01-10,Rice 26kg,366,696,5,1,13
2026-01-10,Sugar,402,911,5,1,23
2026-01-10,Milk 1L,117,866,5,1,32
2026-01-10,Bread,82,204,5,1,11
2026-01-10,Eggs 12pk,434,977,5,1,23
2026-01-10,Cooking Oil 5L,447,615,5,1,5
2026-01-10,Dal 1kg,284,952,5,1,14
2026-01-10,Salt 1kg,285,763,5,1,10
2026-01-10,Tea 500g,91,819,5,1,11
2026-01-10,Coffee 200g,363,969,5,1,11
2026-01-10,greenchilli-100g,484,944,5,1,19
2026-01-10,Redchilli-50g,79,345,5,1,15
2026-01-10,GaramMasala,35,278,5,1,7
2026-01-10,Curd-200g,336,106,5,1,18
2026-01-10,garlic100g,222,926,5,1,20
2026-01-10,ginger100g,109,96,5,1,13
2026-01-11,Rice 26kg,167,487,6,1,7
2026-01-11,Sugar,302,535,6,1,15
2026-01-11,Milk 1L,440,267,6,1,32
2026-01-11,Bread,384,287,6,1,19
2026-01-11,Eggs 12pk,342,819,6,1,25
2026-01-11,Cooking Oil 5L,62,943,6,1,9
2026-01-11,Dal 1kg,270,398,6,1,19
2026-01-11,Salt 1kg,448,211,6,1,16
2026-01-11,Tea 500g,327,601,6,1,8
2026-01-11,Coffee 200g,334,829,6,1,13
2026-01-11,greenchilli-100g,260,112,6,1,29
2026-01-11,Redchilli-50g,112,805,6,1,18
2026-01-11,GaramMasala,43,469,6,1,12
2026-01-11,Curd-200g,127,67,6,1,21
2026-01-11,garlic100g,327,457,6,1,19
2026-01-11,ginger100g,318,948,6,1,16
2026-01-12,Rice 26kg,87,508,0,0,4
2026-01-12,Sugar,204,89,0,0,13
2026-01-12,Milk 1L,24,373,0,0,29
2026-01-12,Bread,260,970,0,0,19
2026-01-12,Eggs 12pk,181,584,0,0,25
2026-01-12,Cooking Oil 5L,206,881,0,0,4
2026-01-12,Dal 1kg,106,108,0,0,15
2026-01-12,Salt 1kg,32,122,0,0,9
2026-01-12,Tea 500g,457,228,0,0,13
2026-01-12,Coffee 200g,390,897,0,0,6
2026-01-12,greenchilli-100g,296,183,0,0,21
2026-01-12,Redchilli-50g,139,685,0,0,8
2026-01-12,GaramMasala,323,453,0,0,6
2026-01-12,Curd-200g,264,671,0,0,19
2026-01-12,garlic100g,353,204,0,0,9
2026-01-12,ginger100g,280,572,0,0,13
2026-01-13,Rice 26kg,472,579,1,0,4
2026-01-13,Sugar,155,872,1,0,17
2026-01-13,Milk 1L,55,499,1,0,27
2026-01-13,Bread,363,444,1,0,12
2026-01-13,Eggs 12pk,315,683,1,0,13
2026-01-13,Cooking Oil 5L,252,176,1,0,3
2026-01-13,Dal 1kg,144,79,1,0,15
2026-01-13,Salt 1kg,493,795,1,0,7
2026-01-13,Tea 500g,208,315,1,0,5
2026-01-13,Coffee 200g,114,806,1,0,4
2026-01-13,greenchilli-100g,458,559,1,0,9
2026-01-13,Redchilli-50g,452,856,1,0,12
2026-01-13,GaramMasala,19,927,1,0,8
2026-01-13,Curd-200g,286,382,1,0,19
2026-01-13,garlic100g,17,121,1,0,15
2026-01-13,ginger100g,341,298,1,0,15
2026-01-14,Rice 26kg,227,461,2,0,2
2026-01-14,Sugar,233,743,2,0,21
2026-01-14,Milk 1L,315,507,2,0,16
2026-01-14,Bread,29,515,2,0,18
2026-01-14,Eggs 12pk,489,774,2,0,18
2026-01-14,Cooking Oil 5L,461,78,2,0,5
2026-01-14,Dal 1kg,113,259,2,0,10
2026-01-14,Salt 1kg,337,546,2,0,5
2026-01-14,Tea 500g,92,224,2,0,11
2026-01-14,Coffee 200g,286,134,2,0,3
2026-01-14,greenchilli-100g,116,992,2,0,11
2026-01-14,Redchilli-50g,172,756,2,0,9
2026-01-14,GaramMasala,424,344,2,0,4
2026-01-14,Curd-200g,299,140,2,0,20
2026-01-14,garlic100g,224,131,2,0,17
2026-01-14,ginger100g,401,127,2,0,15
2026-01-15,Rice 26kg,176,788,3,0,3
2026-01-15,Sugar,195,690,3,0,15
2026-01-15,Milk 1L,31,392,3,0,30
2026-01-15,Bread,155,370,3,0,8
2026-01-15,Eggs 12pk,151,982,3,0,15
2026-01-15,Cooking Oil 5L,412,618,3,0,5
2026-01-15,Dal 1kg,248,193,3,0,14
2026-01-15,Salt 1kg,188,566,3,0,13
2026-01-15,Tea 500g,98,992,3,0,15
2026-01-15,Coffee 200g,454,589,3,0,5
2026-01-15,greenchilli-100g,412,183,3,0,28
2026-01-15,Redchilli-50g,300,876,3,0,3
2026-01-15,GaramMasala,341,257,3,0,6
2026-01-15,Curd-200g,491,986,3,0,13
2026-01-15,garlic100g,183,521,3,0,14
2026-01-15,ginger100g,335,224,3,0,14
2026-01-16,Rice 26kg,351,341,4,0,1
2026-01-16,Sugar,466,805,4,0,18
2026-01-16,Milk 1L,183,770,4,0,23
2026-01-16,Bread,173,356,4,0,16
2026-01-16,Eggs 12pk,499,776,4,0,14
2026-01-16,Cooking Oil 5L,228,316,4,0,6
2026-01-16,Dal 1kg,240,955,4,0,11
2026-01-16,Salt 1kg,191,597,4,0,9
2026-01-16,Tea 500g,49,72,4,0,15
2026-01-16,Coffee 200g,341,386,4,0,6
2026-01-16,greenchilli-100g,102,425,4,0,25
2026-01-16,Redchilli-50g,75,372,4,0,7
2026-01-16,GaramMasala,357,79,4,0,2
2026-01-16,Curd-200g,299,747,4,0,19
2026-01-16,garlic100g,446,600,4,0,10
2026-01-16,ginger100g,389,353,4,0,6
2026-01-17,Rice 26kg,14,457,5,1,10
2026-01-17,Sugar,317,930,5,1,27
2026-01-17,Milk 1L,35,416,5,1,17
2026-01-17,Bread,387,396,5,1,24
2026-01-17,Eggs 12pk,489,376,5,1,22
2026-01-17,Cooking Oil 5L,118,586,5,1,10
2026-01-17,Dal 1kg,112,877,5,1,13
2026-01-17,Salt 1kg,108,554,5,1,19
2026-01-17,Tea 500g,465,605,5,1,20
2026-01-17,Coffee 200g,153,782,5,1,16
2026-01-17,greenchilli-100g,428,576,5,1,22
2026-01-17,Redchilli-50g,179,90,5,1,11
2026-01-17,GaramMasala,291,492,5,1,15
2026-01-17,Curd-200g,327,828,5,1,25
2026-01-17,garlic100g,202,512,5,1,20
2026-01-17,ginger100g,411,113,5,1,15
2026-01-18,Rice 26kg,213,699,6,1,12
2026-01-18,Sugar,11,650,6,1,12
2026-01-18,Milk 1L,195,156,6,1,24
2026-01-18,Bread,45,816,6,1,15
2026-01-18,Eggs 12pk,74,490,6,1,17
2026-01-18,Cooking Oil 5L,175,258,6,1,11
2026-01-18,Dal 1kg,269,208,6,1,18
2026-01-18,Salt 1kg,381,896,6,1,12
2026-01-18,Tea 500g,378,850,6,1,18
2026-01-18,Coffee 200g,171,232,6,1,11
2026-01-18,greenchilli-100g,63,956,6,1,20
2026-01-18,Redchilli-50g,328,731,6,1,14
2026-01-18,GaramMasala,73,848,6,1,14
2026-01-18,Curd-200g,295,589,6,1,17
2026-01-18,garlic100g,275,374,6,1,13
2026-01-18,ginger100g,466,53,6,1,20
2026-01-19,Rice 26kg,372,492,0,0,5
2026-01-19,Sugar,56,280,0,0,12
2026-01-19,Milk 1L,89,301,0,0,29
2026-01-19,Bread,177,282,0,0,9
2026-01-19,Eggs 12pk,124,752,0,0,11
2026-01-19,Cooking Oil 5L,260,107,0,0,2
2026-01-19,Dal 1kg,415,670,0,0,13
2026-01-19,Salt 1kg,408,78,0,0,10
2026-01-19,Tea 500g,397,773,0,0,6
2026-01-19,Coffee 200g,432,868,0,0,13
2026-01-19,greenchilli-100g,192,493,0,0,19
2026-01-19,Redchilli-50g,127,977,0,0,7
2026-01-19,GaramMasala,167,597,0,0,7
2026-01-19,Curd-200g,34,809,0,0,9
2026-01-19,garlic100g,297,208,0,0,14
2026-01-19,ginger100g,237,168,0,0,18
2026-01-20,Rice 26kg,47,181,1,0,4
2026-01-20,Sugar,28,990,1,0,21
2026-01-20,Milk 1L,276,80,1,0,18
2026-01-20,Bread,15,161,1,0,13
2026-01-20,Eggs 12pk,322,714,1,0,19
2026-01-20,Cooking Oil 5L,492,816,1,0,1
2026-01-20,Dal 1kg,317,831,1,0,13
2026-01-20,Salt 1kg,274,191,1,0,4
2026-01-20,Tea 500g,494,205,1,0,14
2026-01-20,Coffee 200g,487,619,1,0,5
2026-01-20,greenchilli-100g,175,809,1,0,25
2026-01-20,Redchilli-50g,147,936,1,0,6
2026-01-20,GaramMasala,442,997,1,0,7
2026-01-20,Curd-200g,277,478,1,0,19
2026-01-20,garlic100g,23,326,1,0,11
2026-01-20,ginger100g,497,373,1,0,16
2026-01-21,Rice 26kg,402,476,2,0,4
2026-01-21,Sugar,348,583,2,0,9
2026-01-21,Milk 1L,238,171,2,0,12
2026-01-21,Bread,417,311,2,0,7
2026-01-21,Eggs 12pk,179,308,2,0,25
2026-01-21,Cooking Oil 5L,494,607,2,0,3
2026-01-21,Dal 1kg,244,414,2,0,12
2026-01-21,Salt 1kg,307,676,2,0,7
2026-01-21,Tea 500g,11,550,2,0,7
2026-01-21,Coffee 200g,451,180,2,0,8
2026-01-21,greenchilli-100g,231,428,2,0,21
2026-01-21,Redchilli-50g,65,526,2,0,5
2026-01-21,GaramMasala,105,181,2,0,5
2026-01-21,Curd-200g,443,488,2,0,13
2026-01-21,garlic100g,185,836,2,0,15
2026-01-21,ginger100g,154,823,2,0,11
2026-01-22,Rice 26kg,75,842,3,0,3
2026-01-22,Sugar,216,76,3,0,15
2026-01-22,Milk 1L,65,917,3,0,13
2026-01-22,Bread,123,182,3,0,18
2026-01-22,Eggs 12pk,313,514,3,0,11
2026-01-22,Cooking Oil 5L,309,224,3,0,2
2026-01-22,Dal 1kg,338,358,3,0,14
2026-01-22,Salt 1kg,132,911,3,0,9
2026-01-22,Tea 500g,289,135,3,0,10
2026-01-22,Coffee 200g,251,469,3,0,7
2026-01-22,greenchilli-100g,257,790,3,0,20
2026-01-22,Redchilli-50g,22,232,3,0,8
2026-01-22,GaramMasala,223,478,3,0,7
2026-01-22,Curd-200g,230,167,3,0,13
2026-01-22,garlic100g,157,170,3,0,13
2026-01-22,ginger100g,213,636,3,0,12
2026-01-23,Rice 26kg,322,734,4,0,4
2026-01-23,Sugar,67,336,4,0,13
2026-01-23,Milk 1L,260,249,4,0,29
2026-01-23,Bread,151,336,4,0,14
2026-01-23,Eggs 12pk,294,727,4,0,22
2026-01-23,Cooking Oil 5L,40,144,4,0,3
2026-01-23,Dal 1kg,257,893,4,0,16
2026-01-23,Salt 1kg,215,858,4,0,10
2026-01-23,Tea 500g,60,194,4,0,7
2026-01-23,Coffee 200g,224,194,4,0,10
2026-01-23,greenchilli-100g,224,129,4,0,20
2026-01-23,Redchilli-50g,161,79,4,0,12
2026-01-23,GaramMasala,65,528,4,0,10
2026-01-23,Curd-200g,142,765,4,0,9
2026-01-23,garlic100g,337,952,4,0,19
2026-01-23,ginger100g,154,928,4,0,9
2026-01-24,Rice 26kg,217,621,5,1,8
2026-01-24,Sugar,485,892,5,1,11
2026-01-24,Milk 1L,455,344,5,1,33
2026-01-24,Bread,98,384,5,1,22
2026-01-24,Eggs 12pk,467,977,5,1,22
2026-01-24,Cooking Oil 5L,472,290,5,1,9
2026-01-24,Dal 1kg,256,377,5,1,21
2026-01-24,Salt 1kg,270,907,5,1,13
2026-01-24,Tea 500g,105,187,5,1,16
2026-01-24,Coffee 200g,42,380,5,1,17
2026-01-24,greenchilli-100g,373,665,5,1,20
2026-01-24,Redchilli-50g,375,456,5,1,10
2026-01-24,GaramMasala,370,627,5,1,14
2026-01-24,Curd-200g,227,564,5,1,16
2026-01-24,garlic100g,439,778,5,1,10
2026-01-24,ginger100g,238,253,5,1,17
2026-01-25,Rice 26kg,177,412,6,1,10
2026-01-25,Sugar,357,319,6,1,19
2026-01-25,Milk 1L,236,818,6,1,30
2026-01-25,Bread,223,993,6,1,19
2026-01-25,Eggs 12pk,413,614,6,1,16
2026-01-25,Cooking Oil 5L,422,906,6,1,5
2026-01-25,Dal 1kg,136,363,6,1,18
2026-01-25,Salt 1kg,444,143,6,1,12
2026-01-25,Tea 500g,281,979,6,1,18
2026-01-25,Coffee 200g,104,75,6,1,12
2026-01-25,greenchilli-100g,475,386,6,1,26
2026-01-25,Redchilli-50g,294,627,6,1,14
2026-01-25,GaramMasala,274,672,6,1,10
2026-01-25,Curd-200g,307,58,6,1,14
2026-01-25,garlic100g,377,108,6,1,17
2026-01-25,ginger100g,329,955,6,1,17
2026-01-26,Rice 26kg,269,761,0,0,5
2026-01-26,Sugar,430,835,0,0,23
2026-01-26,Milk 1L,286,559,0,0,21
2026-01-26,Bread,360,288,0,0,11
2026-01-26,Eggs 12pk,468,355,0,0,10
2026-01-26,Cooking Oil 5L,482,473,0,0,2
2026-01-26,Dal 1kg,25,101,0,0,7
2026-01-26,Salt 1kg,413,129,0,0,6
2026-01-26,Tea 500g,181,467,0,0,16
2026-01-26,Coffee 200g,370,818,0,0,7
2026-01-26,greenchilli-100g,210,614,0,0,12
2026-01-26,Redchilli-50g,50,987,0,0,7
2026-01-26,GaramMasala,466,555,0,0,6
2026-01-26,Curd-200g,453,456,0,0,11
2026-01-26,garlic100g,352,970,0,0,12
2026-01-26,ginger100g,136,94,0,0,10
2026-01-27,Rice 26kg,90,440,1,0,4
2026-01-27,Sugar,221,834,1,0,23
2026-01-27,Milk 1L,168,145,1,0,12
2026-01-27,Bread,371,915,1,0,15
2026-01-27,Eggs 12pk,437,785,1,0,10
2026-01-27,Cooking Oil 5L,115,187,1,0,1
2026-01-27,Dal 1kg,154,931,1,0,12
2026-01-27,Salt 1kg,73,981,1,0,9
2026-01-27,Tea 500g,136,611,1,0,10
2026-01-27,Coffee 200g,364,516,1,0,9
2026-01-27,greenchilli-100g,128,772,1,0,16
2026-01-27,Redchilli-50g,451,475,1,0,7
2026-01-27,GaramMasala,440,692,1,0,7
2026-01-27,Curd-200g,118,703,1,0,19
2026-01-27,garlic100g,88,935,1,0,20
2026-01-27,ginger100g,319,286,1,0,16
2026-01-28,Rice 26kg,279,152,2,0,5
2026-01-28,Sugar,396,350,2,0,15
2026-01-28,Milk 1L,272,900,2,0,27
2026-01-28,Bread,361,332,2,0,13
2026-01-28,Eggs 12pk,347,460,2,0,12
2026-01-28,Cooking Oil 5L,318,532,2,0,4
2026-01-28,Dal 1kg,70,848,2,0,10
2026-01-28,Salt 1kg,225,760,2,0,6
2026-01-28,Tea 500g,183,426,2,0,9
2026-01-28,Coffee 200g,289,738,2,0,5
2026-01-28,greenchilli-100g,400,296,2,0,24
2026-01-28,Redchilli-50g,401,404,2,0,8
2026-01-28,GaramMasala,143,109,2,0,4
2026-01-28,Curd-200g,254,433,2,0,12
2026-01-28,garlic100g,213,483,2,0,11
2026-01-28,ginger100g,78,565,2,0,16
2026-01-29,Rice 26kg,372,605,3,0,4
2026-01-29,Sugar,37,79,3,0,15
2026-01-29,Milk 1L,366,853,3,0,20
2026-01-29,Bread,197,580,3,0,15
2026-01-29,Eggs 12pk,381,447,3,0,23
2026-01-29,Cooking Oil 5L,221,750,3,0,4
2026-01-29,Dal 1kg,343,533,3,0,13
2026-01-29,Salt 1kg,34,255,3,0,7
2026-01-29,Tea 500g,429,672,3,0,14
2026-01-29,Coffee 200g,95,929,3,0,6
2026-01-29,greenchilli-100g,26,673,3,0,23
2026-01-29,Redchilli-50g,313,451,3,0,11
2026-01-29,GaramMasala,291,294,3,0,6
2026-01-29,Curd-200g,37,891,3,0,10
2026-01-29,garlic100g,71,210,3,0,17
2026-01-29,ginger100g,483,744,3,0,13
2026-01-30,Rice 26kg,224,861,4,0,2
2026-01-30,Sugar,211,721,4,0,9
2026-01-30,Milk 1L,196,216,4,0,26
2026-01-30,Bread,327,394,4,0,8
2026-01-30,Eggs 12pk,25,74,4,0,21
2026-01-30,Cooking Oil 5L,447,618,4,0,8
2026-01-30,Dal 1kg,473,98,4,0,13
2026-01-30,Salt 1kg,401,520,4,0,12
2026-01-30,Tea 500g,370,588,4,0,7
2026-01-30,Coffee 200g,248,124,4,0,9
2026-01-30,greenchilli-100g,415,815,4,0,22
2026-01-30,Redchilli-50g,357,456,4,0,8
2026-01-30,GaramMasala,208,747,4,0,6
2026-01-30,Curd-200g,272,871,4,0,11
2026-01-30,garlic100g,101,945,4,0,9
2026-01-30,ginger100g,339,648,4,0,15
2026-01-31,Rice 26kg,12,772,5,1,6
2026-01-31,Sugar,69,577,5,1,15
2026-01-31,Milk 1L,29,178,5,1,14
2026-01-31,Bread,453,685,5,1,20
2026-01-31,Eggs 12pk,401,742,5,1,28
2026-01-31,Cooking Oil 5L,345,52,5,1,8
2026-01-31,Dal 1kg,284,505,5,1,19
2026-01-31,Salt 1kg,347,987,5,1,13
2026-01-31,Tea 500g,79,509,5,1,17
2026-01-31,Coffee 200g,408,151,5,1,16
2026-01-31,greenchilli-100g,364,380,5,1,26
2026-01-31,Redchilli-50g,85,505,5,1,20
2026-01-31,GaramMasala,185,553,5,1,9
2026-01-31,Curd-200g,179,655,5,1,20
2026-01-31,garlic100g,397,702,5,1,18
2026-01-31,ginger100g,278,493,5,1,17
2026-02-01,Rice 26kg,239,559,6,1,8
2026-02-01,Sugar,339,593,6,1,26
2026-02-01,Milk 1L,366,733,6,1,19
2026-02-01,Bread,150,724,6,1,22
2026-02-01,Eggs 12pk,461,268,6,1,24
2026-02-01,Cooking Oil 5L,64,592,6,1,11
2026-02-01,Dal 1kg,155,850,6,1,11
2026-02-01,Salt 1kg,377,368,6,1,14
2026-02-01,Tea 500g,434,189,6,1,7
2026-02-01,Coffee 200g,450,405,6,1,16
2026-02-01,greenchilli-100g,275,92,6,1,28
2026-02-01,Redchilli-50g,321,645,6,1,9
2026-02-01,GaramMasala,37,605,6,1,11
2026-02-01,Curd-200g,445,604,6,1,19
2026-02-01,garlic100g,493,418,6,1,13
2026-02-01,ginger100g,430,160,6,1,19
2026-02-02,Rice 26kg,374,659,0,0,3
2026-02-02,Sugar,64,767,0,0,16
2026-02-02,Milk 1L,245,736,0,0,28
2026-02-02,Bread,273,437,0,0,16
2026-02-02,Eggs 12pk,103,738,0,0,18
2026-02-02,Cooking Oil 5L,298,705,0,0,4
2026-02-02,Dal 1kg,435,317,0,0,11
2026-02-02,Salt 1kg,496,297,0,0,4
2026-02-02,Tea 500g,267,923,0,0,13
2026-02-02,Coffee 200g,71,834,0,0,10
2026-02-02,greenchilli-100g,458,835,0,0,16
2026-02-02,Redchilli-50g,378,868,0,0,9
2026-02-02,GaramMasala,96,64,0,0,4
2026-02-02,Curd-200g,223,92,0,0,18
2026-02-02,garlic100g,444,510,0,0,10
2026-02-02,ginger100g,261,273,0,0,8
2026-02-03,Rice 26kg,150,873,1,0,4
2026-02-03,Sugar,54,854,1,0,16
2026-02-03,Milk 1L,334,666,1,0,27
2026-02-03,Bread,413,495,1,0,14
2026-02-03,Eggs 12pk,391,907,1,0,20
2026-02-03,Cooking Oil 5L,78,882,1,0,5
2026-02-03,Dal 1kg,32,488,1,0,9
2026-02-03,Salt 1kg,55,712,1,0,8
2026-02-03,Tea 500g,108,955,1,0,13
2026-02-03,Coffee 200g,414,500,1,0,8
2026-02-03,greenchilli-100g,58,627,1,0,25
2026-02-03,Redchilli-50g,14,468,1,0,9
2026-02-03,GaramMasala,227,695,1,0,5
2026-02-03,Curd-200g,356,736,1,0,12
2026-02-03,garlic100g,351,673,1,0,10
2026-02-03,ginger100g,232,199,1,0,9
2026-02-04,Rice 26kg,147,59,2,0,3
2026-02-04,Sugar,422,436,2,0,19
2026-02-04,Milk 1L,293,646,2,0,17
2026-02-04,Bread,75,222,2,0,18
2026-02-04,Eggs 12pk,422,302,2,0,25
2026-02-04,Cooking Oil 5L,419,736,2,0,7
2026-02-04,Dal 1kg,490,183,2,0,13
2026-02-04,Salt 1kg,488,663,2,0,7
2026-02-04,Tea 500g,470,84,2,0,12
2026-02-04,Coffee 200g,127,129,2,0,5
2026-02-04,greenchilli-100g,310,685,2,0,23
2026-02-04,Redchilli-50g,170,178,2,0,5
2026-02-04,GaramMasala,353,242,2,0,6
2026-02-04,Curd-200g,79,972,2,0,9
2026-02-04,garlic100g,196,532,2,0,14
2026-02-04,ginger100g,24,809,2,0,6
2026-02-05,Rice 26kg,385,179,3,0,3
2026-02-05,Sugar,214,362,3,0,13
2026-02-05,Milk 1L,411,355,3,0,27
2026-02-05,Bread,225,211,3,0,15
2026-02-05,Eggs 12pk,413,516,3,0,22
2026-02-05,Cooking Oil 5L,406,477,3,0,7
2026-02-05,Dal 1kg,227,124,3,0,11
2026-02-05,Salt 1kg,430,328,3,0,10
2026-02-05,Tea 500g,159,699,3,0,11
2026-02-05,Coffee 200g,43,493,3,0,5
2026-02-05,greenchilli-100g,425,64,3,0,25
2026-02-05,Redchilli-50g,56,554,3,0,7
2026-02-05,GaramMasala,223,557,3,0,6
2026-02-05,Curd-200g,364,292,3,0,13
2026-02-05,garlic100g,49,951,3,0,6
2026-02-05,ginger100g,363,405,3,0,12
2026-02-06,Rice 26kg,379,699,4,0,6
2026-02-06,Sugar,73,535,4,0,22
2026-02-06,Milk 1L,494,456,4,0,19
2026-02-06,Bread,310,657,4,0,15
2026-02-06,Eggs 12pk,214,245,4,0,8
2026-02-06,Cooking Oil 5L,352,318,4,0,5
2026-02-06,Dal 1kg,126,304,4,0,16
2026-02-06,Salt 1kg,197,291,4,0,5
2026-02-06,Tea 500g,435,230,4,0,8
2026-02-06,Coffee 200g,248,481,4,0,5
2026-02-06,greenchilli-100g,39,154,4,0,12
2026-02-06,Redchilli-50g,154,171,4,0,11
2026-02-06,GaramMasala,215,263,4,0,5
2026-02-06,Curd-200g,165,532,4,0,16
2026-02-06,garlic100g,375,588,4,0,15
2026-02-06,ginger100g,268,915,4,0,15
2026-02-07,Rice 26kg,120,403,5,1,10
2026-02-07,Sugar,81,339,5,1,20
2026-02-07,Milk 1L,435,288,5,1,18
2026-02-07,Bread,205,395,5,1,23
2026-02-07,Eggs 12pk,205,349,5,1,26
2026-02-07,Cooking Oil 5L,27,132,5,1,8
2026-02-07,Dal 1kg,425,632,5,1,13
2026-02-07,Salt 1kg,367,471,5,1,9
2026-02-07,Tea 500g,247,974,5,1,11
2026-02-07,Coffee 200g,31,587,5,1,13
2026-02-07,greenchilli-100g,75,437,5,1,29
2026-02-07,Redchilli-50g,158,670,5,1,11
2026-02-07,GaramMasala,231,184,5,1,9
2026-02-07,Curd-200g,286,433,5,1,14
2026-02-07,garlic100g,163,713,5,1,16
2026-02-07,ginger100g,363,544,5,1,22
2026-02-08,Rice 26kg,459,386,6,1,10
2026-02-08,Sugar,43,943,6,1,25
2026-02-08,Milk 1L,138,522,6,1,21
2026-02-08,Bread,150,771,6,1,23
2026-02-08,Eggs 12pk,175,607,6,1,26
2026-02-08,Cooking Oil 5L,70,155,6,1,9
2026-02-08,Dal 1kg,23,105,6,1,13
2026-02-08,Salt 1kg,435,801,6,1,19
2026-02-08,Tea 500g,363,424,6,1,16
2026-02-08,Coffee 200g,142,503,6,1,12
2026-02-08,greenchilli-100g,172,496,6,1,21
2026-02-08,Redchilli-50g,329,947,6,1,12
2026-02-08,GaramMasala,484,783,6,1,10
2026-02-08,Curd-200g,23,421,6,1,25
2026-02-08,garlic100g,461,507,6,1,10
2026-02-08,ginger100g,214,773,6,1,22
2026-02-09,Rice 26kg,48,452,0,0,3
2026-02-09,Sugar,476,487,0,0,12
2026-02-09,Milk 1L,320,541,0,0,21
2026-02-09,Bread,123,906,0,0,15
2026-02-09,Eggs 12pk,300,818,0,0,23
2026-02-09,Cooking Oil 5L,144,861,0,0,6
2026-02-09,Dal 1kg,278,912,0,0,12
2026-02-09,Salt 1kg,73,415,0,0,8
2026-02-09,Tea 500g,238,889,0,0,8
2026-02-09,Coffee 200g,264,929,0,0,5
2026-02-09,greenchilli-100g,104,320,0,0,14
2026-02-09,Redchilli-50g,313,711,0,0,7
2026-02-09,GaramMasala,378,228,0,0,3
2026-02-09,Curd-200g,358,142,0,0,16
2026-02-09,garlic100g,108,293,0,0,13
2026-02-09,ginger100g,187,197,0,0,17
2026-02-10,Rice 26kg,359,745,1,0,6
2026-02-10,Sugar,298,153,1,0,10
2026-02-10,Milk 1L,209,998,1,0,27
2026-02-10,Bread,276,115,1,0,20
2026-02-10,Eggs 12pk,200,332,1,0,24
2026-02-10,Cooking Oil 5L,369,986,1,0,5
2026-02-10,Dal 1kg,119,621,1,0,14
2026-02-10,Salt 1kg,438,775,1,0,8
2026-02-10,Tea 500g,81,471,1,0,7
2026-02-10,Coffee 200g,440,781,1,0,7
2026-02-10,greenchilli-100g,53,473,1,0,26
2026-02-10,Redchilli-50g,402,956,1,0,6
2026-02-10,GaramMasala,267,827,1,0,5
2026-02-10,Curd-200g,378,828,1,0,17
2026-02-10,garlic100g,481,912,1,0,12
2026-02-10,ginger100g,343,509,1,0,9
2026-02-11,Rice 26kg,127,320,2,0,2
2026-02-11,Sugar,147,192,2,0,13
2026-02-11,Milk 1L,335,671,2,0,23
2026-02-11,Bread,208,469,2,0,19
2026-02-11,Eggs 12pk,92,272,2,0,16
2026-02-11,Cooking Oil 5L,400,881,2,0,3
2026-02-11,Dal 1kg,16,761,2,0,15
2026-02-11,Salt 1kg,182,781,2,0,6
2026-02-11,Tea 500g,320,969,2,0,11
2026-02-11,Coffee 200g,67,155,2,0,6
2026-02-11,greenchilli-100g,174,695,2,0,10
2026-02-11,Redchilli-50g,419,507,2,0,6
2026-02-11,GaramMasala,244,192,2,0,9
2026-02-11,Curd-200g,39,100,2,0,15
2026-02-11,garlic100g,218,537,2,0,7
2026-02-11,ginger100g,324,931,2,0,7
2026-02-12,Rice 26kg,92,878,3,0,5
2026-02-12,Sugar,13,952,3,0,18
2026-02-12,Milk 1L,112,564,3,0,27
2026-02-12,Bread,440,163,3,0,9
2026-02-12,Eggs 12pk,214,54,3,0,23
2026-02-12,Cooking Oil 5L,250,479,3,0,5
2026-02-12,Dal 1kg,51,806,3,0,8
2026-02-12,Salt 1kg,99,229,3,0,8
2026-02-12,Tea 500g,258,453,3,0,5
2026-02-12,Coffee 200g,269,537,3,0,7
2026-02-12,greenchilli-100g,98,509,3,0,21
2026-02-12,Redchilli-50g,390,831,3,0,11
2026-02-12,GaramMasala,181,256,3,0,6
2026-02-12,Curd-200g,186,682,3,0,11
2026-02-12,garlic100g,439,95,3,0,10
2026-02-12,ginger100g,218,568,3,0,10
2026-02-13,Rice 26kg,342,271,4,0,3
2026-02-13,Sugar,222,417,4,0,16
2026-02-13,Milk 1L,354,189,4,0,31
2026-02-13,Bread,62,94,4,0,11
2026-02-13,Eggs 12pk,483,536,4,0,10
2026-02-13,Cooking Oil 5L,290,105,4,0,5
2026-02-13,Dal 1kg,172,787,4,0,15
2026-02-13,Salt 1kg,296,917,4,0,11
2026-02-13,Tea 500g,459,777,4,0,16
2026-02-13,Coffee 200g,345,219,4,0,11
2026-02-13,greenchilli-100g,125,618,4,0,18
2026-02-13,Redchilli-50g,473,832,4,0,8
2026-02-13,GaramMasala,42,622,4,0,7
2026-02-13,Curd-200g,198,113,4,0,14
2026-02-13,garlic100g,182,693,4,0,9
2026-02-13,ginger100g,70,962,4,0,16
2026-02-14,Rice 26kg,437,284,5,1,10
2026-02-14,Sugar,382,546,5,1,12
2026-02-14,Milk 1L,294,856,5,1,13
2026-02-14,Bread,494,641,5,1,24
2026-02-14,Eggs 12pk,69,460,5,1,25
2026-02-14,Cooking Oil 5L,430,641,5,1,6
2026-02-14,Dal 1kg,498,188,5,1,19
2026-02-14,Salt 1kg,407,251,5,1,11
2026-02-14,Tea 500g,106,770,5,1,12
2026-02-14,Coffee 200g,96,981,5,1,10
2026-02-14,greenchilli-100g,59,846,5,1,24
2026-02-14,Redchilli-50g,380,852,5,1,16
2026-02-14,GaramMasala,136,108,5,1,12
2026-02-14,Curd-200g,388,504,5,1,16
2026-02-14,garlic100g,199,236,5,1,22
2026-02-14,ginger100g,346,642,5,1,10
2026-02-15,Rice 26kg,195,188,6,1,9
2026-02-15,Sugar,449,445,6,1,22
2026-02-15,Milk 1L,288,941,6,1,32
2026-02-15,Bread,466,667,6,1,20
2026-02-15,Eggs 12pk,446,883,6,1,30
2026-02-15,Cooking Oil 5L,22,982,6,1,10
2026-02-15,Dal 1kg,419,559,6,1,16
2026-02-15,Salt 1kg,10,327,6,1,15
2026-02-15,Tea 500g,491,414,6,1,15
2026-02-15,Coffee 200g,25,366,6,1,7
2026-02-15,greenchilli-100g,260,220,6,1,12
2026-02-15,Redchilli-50g,111,313,6,1,16
2026-02-15,GaramMasala,179,183,6,1,13
2026-02-15,Curd-200g,34,891,6,1,21
2026-02-15,garlic100g,343,727,6,1,15
2026-02-15,ginger100g,46,984,6,1,19
2026-02-16,Rice 26kg,448,117,0,0,4
2026-02-16,Sugar,494,287,0,0,12
2026-02-16,Milk 1L,276,606,0,0,21
2026-02-16,Bread,50,776,0,0,17
2026-02-16,Eggs 12pk,360,874,0,0,20
2026-02-16,Cooking Oil 5L,398,402,0,0,1
2026-02-16,Dal 1kg,407,114,0,0,16
2026-02-16,Salt 1kg,269,372,0,0,11
2026-02-16,Tea 500g,92,195,0,0,6
2026-02-16,Coffee 200g,465,750,0,0,13
2026-02-16,greenchilli-100g,47,605,0,0,25
2026-02-16,Redchilli-50g,459,358,0,0,4
2026-02-16,GaramMasala,163,1000,0,0,8
2026-02-16,Curd-200g,349,698,0,0,18
2026-02-16,garlic100g,254,618,0,0,14
2026-02-16,ginger100g,138,742,0,0,15
2026-02-17,Rice 26kg,31,839,1,0,2
2026-02-17,Sugar,46,924,1,0,22
2026-02-17,Milk 1L,354,686,1,0,18
2026-02-17,Bread,263,999,1,0,12
2026-02-17,Eggs 12pk,30,67,1,0,9
2026-02-17,Cooking Oil 5L,359,191,1,0,5
2026-02-17,Dal 1kg,250,636,1,0,7
2026-02-17,Salt 1kg,324,763,1,0,6
2026-02-17,Tea 500g,140,577,1,0,9
2026-02-17,Coffee 200g,450,540,1,0,9
2026-02-17,greenchilli-100g,170,419,1,0,28
2026-02-17,Redchilli-50g,66,615,1,0,5
2026-02-17,GaramMasala,123,446,1,0,7
2026-02-17,Curd-200g,450,875,1,0,18
2026-02-17,garlic100g,286,176,1,0,10
2026-02-17,ginger100g,379,880,1,0,7
2026-02-18,Rice 26kg,357,382,2,0,2
2026-02-18,Sugar,465,963,2,0,12
2026-02-18,Milk 1L,194,444,2,0,17
2026-02-18,Bread,278,663,2,0,18
2026-02-18,Eggs 12pk,29,599,2,0,22
2026-02-18,Cooking Oil 5L,92,162,2,0,1
2026-02-18,Dal 1kg,195,152,2,0,16
2026-02-18,Salt 1kg,421,863,2,0,8
2026-02-18,Tea 500g,55,863,2,0,12
2026-02-18,Coffee 200g,117,701,2,0,8
2026-02-18,greenchilli-100g,42,593,2,0,25
2026-02-18,Redchilli-50g,53,664,2,0,10
2026-02-18,GaramMasala,345,784,2,0,1
2026-02-18,Curd-200g,389,588,2,0,8
2026-02-18,garlic100g,34,209,2,0,8
2026-02-18,ginger100g,349,971,2,0,5
2026-02-19,Rice 26kg,171,560,3,0,5
2026-02-19,Sugar,128,721,3,0,16
2026-02-19,Milk 1L,435,940,3,0,24
2026-02-19,Bread,37,51,3,0,9
2026-02-19,Eggs 12pk,405,592,3,0,20
2026-02-19,Cooking Oil 5L,428,801,3,0,7
2026-02-19,Dal 1kg,377,502,3,0,7
2026-02-19,Salt 1kg,462,390,3,0,11
2026-02-19,Tea 500g,488,183,3,0,12
2026-02-19,Coffee 200g,334,260,3,0,9
2026-02-19,greenchilli-100g,155,223,3,0,24
2026-02-19,Redchilli-50g,64,621,3,0,11
2026-02-19,GaramMasala,485,726,3,0,7
2026-02-19,Curd-200g,480,819,3,0,9
2026-02-19,garlic100g,156,174,3,0,16
2026-02-19,ginger100g,145,983,3,0,6
2026-02-20,Rice 26kg,164,170,4,0,3
2026-02-20,Sugar,302,858,4,0,13
2026-02-20,Milk 1L,393,745,4,0,24
2026-02-20,Bread,89,695,4,0,21
2026-02-20,Eggs 12pk,473,445,4,0,11
2026-02-20,Cooking Oil 5L,211,937,4,0,7
2026-02-20,Dal 1kg,432,941,4,0,11
2026-02-20,Salt 1kg,86,54,4,0,6
2026-02-20,Tea 500g,416,977,4,0,7
2026-02-20,Coffee 200g,487,75,4,0,8
2026-02-20,greenchilli-100g,257,421,4,0,11
2026-02-20,Redchilli-50g,196,399,4,0,9
2026-02-20,GaramMasala,471,898,4,0,9
2026-02-20,Curd-200g,103,295,4,0,13
2026-02-20,garlic100g,99,117,4,0,15
2026-02-20,ginger100g,24,432,4,0,9
2026-02-21,Rice 26kg,155,550,5,1,10
2026-02-21,Sugar,437,553,5,1,14
2026-02-21,Milk 1L,141,265,5,1,34
2026-02-21,Bread,270,207,5,1,8
2026-02-21,Eggs 12pk,39,302,5,1,19
2026-02-21,Cooking Oil 5L,449,689,5,1,10
2026-02-21,Dal 1kg,229,369,5,1,20
2026-02-21,Salt 1kg,229,180,5,1,11
2026-02-21,Tea 500g,368,286,5,1,18
2026-02-21,Coffee 200g,476,369,5,1,10
2026-02-21,greenchilli-100g,400,314,5,1,22
2026-02-21,Redchilli-50g,340,184,5,1,10
2026-02-21,GaramMasala,449,748,5,1,9
2026-02-21,Curd-200g,231,754,5,1,16
2026-02-21,garlic100g,171,706,5,1,22
2026-02-21,ginger100g,189,108,5,1,22
2026-02-22,Rice 26kg,379,940,6,1,6
2026-02-22,Sugar,189,901,6,1,20
2026-02-22,Milk 1L,277,730,6,1,23
2026-02-22,Bread,459,525,6,1,14
2026-02-22,Eggs 12pk,267,372,6,1,22
2026-02-22,Cooking Oil 5L,177,771,6,1,8
2026-02-22,Dal 1kg,434,645,6,1,17
2026-02-22,Salt 1kg,420,976,6,1,14
2026-02-22,Tea 500g,242,133,6,1,20
2026-02-22,Coffee 200g,305,359,6,1,16
2026-02-22,greenchilli-100g,99,320,6,1,12
2026-02-22,Redchilli-50g,406,475,6,1,12
2026-02-22,GaramMasala,51,592,6,1,6
2026-02-22,Curd-200g,99,601,6,1,19
2026-02-22,garlic100g,120,164,6,1,20
2026-02-22,ginger100g,25,74,6,1,22
2026-02-23,Rice 26kg,480,342,0,0,3
2026-02-23,Sugar,339,642,0,0,17
2026-02-23,Milk 1L,297,103,0,0,14
2026-02-23,Bread,92,466,0,0,17
2026-02-23,Eggs 12pk,70,253,0,0,15
2026-02-23,Cooking Oil 5L,383,485,0,0,3
2026-02-23,Dal 1kg,441,277,0,0,11
2026-02-23,Salt 1kg,94,987,0,0,10
2026-02-23,Tea 500g,287,445,0,0,10
2026-02-23,Coffee 200g,191,211,0,0,5
2026-02-23,greenchilli-100g,318,62,0,0,24
2026-02-23,Redchilli-50g,337,530,0,0,11
2026-02-23,GaramMasala,423,534,0,0,8
2026-02-23,Curd-200g,267,566,0,0,7
2026-02-23,garlic100g,236,164,0,0,18
2026-02-23,ginger100g,376,557,0,0,13
2026-02-24,Rice 26kg,306,85,1,0,2
2026-02-24,Sugar,357,580,1,0,7
2026-02-24,Milk 1L,395,132,1,0,25
2026-02-24,Bread,60,354,1,0,9
2026-02-24,Eggs 12pk,131,579,1,0,10
2026-02-24,Cooking Oil 5L,399,120,1,0,4
2026-02-24,Dal 1kg,268,102,1,0,12
2026-02-24,Salt 1kg,386,738,1,0,11
2026-02-24,Tea 500g,360,690,1,0,15
2026-02-24,Coffee 200g,59,668,1,0,11
2026-02-24,greenchilli-100g,291,850,1,0,25
2026-02-24,Redchilli-50g,175,646,1,0,6
2026-02-24,GaramMasala,258,255,1,0,4
2026-02-24,Curd-200g,127,503,1,0,20
2026-02-24,garlic100g,426,382,1,0,13
2026-02-24,ginger100g,231,683,1,0,16
2026-02-25,Rice 26kg,459,335,2,0,5
2026-02-25,Sugar,382,716,2,0,19
2026-02-25,Milk 1L,325,235,2,0,19
2026-02-25,Bread,397,412,2,0,14
2026-02-25,Eggs 12pk,160,659,2,0,11
2026-02-25,Cooking Oil 5L,85,174,2,0,2
2026-02-25,Dal 1kg,111,613,2,0,13
2026-02-25,Salt 1kg,367,158,2,0,11
2026-02-25,Tea 500g,247,549,2,0,7
2026-02-25,Coffee 200g,360,205,2,0,4
2026-02-25,greenchilli-100g,304,974,2,0,23
2026-02-25,Redchilli-50g,250,542,2,0,5
2026-02-25,GaramMasala,256,389,2,0,4
2026-02-25,Curd-200g,482,102,2,0,10
2026-02-25,garlic100g,488,199,2,0,17
2026-02-25,ginger100g,100,254,2,0,16
2026-02-26,Rice 26kg,156,793,3,0,4
2026-02-26,Sugar,272,428,3,0,19
2026-02-26,Milk 1L,243,738,3,0,15
2026-02-26,Bread,153,339,3,0,11
2026-02-26,Eggs 12pk,142,140,3,0,20
2026-02-26,Cooking Oil 5L,128,311,3,0,3
2026-02-26,Dal 1kg,108,421,3,0,13
2026-02-26,Salt 1kg,27,338,3,0,8
2026-02-26,Tea 500g,101,308,3,0,14
2026-02-26,Coffee 200g,273,559,3,0,3
2026-02-26,greenchilli-100g,89,470,3,0,24
2026-02-26,Redchilli-50g,492,586,3,0,7
2026-02-26,GaramMasala,413,430,3,0,8
2026-02-26,Curd-200g,464,340,3,0,16
2026-02-26,garlic100g,315,94,3,0,12
2026-02-26,ginger100g,345,685,3,0,17
2026-02-27,Rice 26kg,113,809,4,0,3
2026-02-27,Sugar,461,468,4,0,24
2026-02-27,Milk 1L,349,588,4,0,8
2026-02-27,Bread,249,126,4,0,20
2026-02-27,Eggs 12pk,358,115,4,0,7
2026-02-27,Cooking Oil 5L,51,935,4,0,2
2026-02-27,Dal 1kg,469,689,4,0,13
2026-02-27,Salt 1kg,162,728,4,0,5
2026-02-27,Tea 500g,408,259,4,0,13
2026-02-27,Coffee 200g,154,933,4,0,12
2026-02-27,greenchilli-100g,474,538,4,0,18
2026-02-27,Redchilli-50g,389,676,4,0,13
2026-02-27,GaramMasala,102,324,4,0,5
2026-02-27,Curd-200g,260,439,4,0,8
2026-02-27,garlic100g,458,76,4,0,18
2026-02-27,ginger100g,77,494,4,0,15
2026-02-28,Rice 26kg,301,680,5,1,10
2026-02-28,Sugar,230,125,5,1,13
2026-02-28,Milk 1L,339,76,5,1,35
2026-02-28,Bread,204,71,5,1,24
2026-02-28,Eggs 12pk,242,132,5,1,28
2026-02-28,Cooking Oil 5L,301,919,5,1,6
2026-02-28,Dal 1kg,479,845,5,1,17
2026-02-28,Salt 1kg,437,555,5,1,12
2026-02-28,Tea 500g,468,300,5,1,15
2026-02-28,Coffee 200g,334,724,5,1,11
2026-02-28,greenchilli-100g,424,969,5,1,14
2026-02-28,Redchilli-50g,35,308,5,1,12
2026-02-28,GaramMasala,287,658,5,1,7
2026-02-28,Curd-200g,298,763,5,1,11
2026-02-28,garlic100g,218,276,5,1,16
2026-02-28,ginger100g,88,223,5,1,14
2026-03-01,Rice 26kg,79,959,6,1,13
2026-03-01,Sugar,384,338,6,1,20
2026-03-01,Milk 1L,332,96,6,1,15
2026-03-01,Bread,274,618,6,1,23
2026-03-01,Eggs 12pk,474,463,6,1,27
2026-03-01,Cooking Oil 5L,125,643,6,1,4
2026-03-01,Dal 1kg,193,150,6,1,20
2026-03-01,Salt 1kg,330,445,6,1,15
2026-03-01,Tea 500g,315,314,6,1,12
2026-03-01,Coffee 200g,331,262,6,1,10
2026-03-01,greenchilli-100g,129,326,6,1,28
2026-03-01,Redchilli-50g,332,175,6,1,15
2026-03-01,GaramMasala,318,689,6,1,6
2026-03-01,Curd-200g,358,846,6,1,24
2026-03-01,garlic100g,336,932,6,1,13
2026-03-01,ginger100g,353,725,6,1,15
2026-03-02,Rice 26kg,319,80,0,0,4
2026-03-02,Sugar,322,734,0,0,8
2026-03-02,Milk 1L,147,263,0,0,18
2026-03-02,Bread,286,725,0,0,8
2026-03-02,Eggs 12pk,98,448,0,0,14
2026-03-02,Cooking Oil 5L,438,350,0,0,5
2026-03-02,Dal 1kg,216,176,0,0,16
2026-03-02,Salt 1kg,151,918,0,0,8
2026-03-02,Tea 500g,273,306,0,0,10
2026-03-02,Coffee 200g,22,621,0,0,10
2026-03-02,greenchilli-100g,299,777,0,0,13
2026-03-02,Redchilli-50g,363,100,0,0,6
2026-03-02,GaramMasala,114,931,0,0,7
2026-03-02,Curd-200g,284,201,0,0,11
2026-03-02,garlic100g,288,769,0,0,17
2026-03-02,ginger100g,186,557,0,0,8
2026-03-03,Rice 26kg,467,972,1,0,4
2026-03-03,Sugar,232,310,1,0,18
2026-03-03,Milk 1L,255,712,1,0,17
2026-03-03,Bread,401,227,1,0,6
2026-03-03,Eggs 12pk,47,169,1,0,21
2026-03-03,Cooking Oil 5L,99,946,1,0,4
2026-03-03,Dal 1kg,107,672,1,0,7
2026-03-03,Salt 1kg,124,271,1,0,10
2026-03-03,Tea 500g,338,683,1,0,12
2026-03-03,Coffee 200g,473,542,1,0,10
2026-03-03,greenchilli-100g,454,753,1,0,20
2026-03-03,Redchilli-50g,88,666,1,0,11
2026-03-03,GaramMasala,395,235,1,0,8
2026-03-03,Curd-200g,81,198,1,0,19
2026-03-03,garlic100g,83,745,1,0,13
2026-03-03,ginger100g,278,888,1,0,16
2026-03-04,Rice 26kg,67,758,2,0,4
2026-03-04,Sugar,97,106,2,0,14
2026-03-04,Milk 1L,42,886,2,0,11
2026-03-04,Bread,173,730,2,0,8
2026-03-04,Eggs 12pk,439,608,2,0,21
2026-03-04,Cooking Oil 5L,120,245,2,0,7
2026-03-04,Dal 1kg,161,443,2,0,5
2026-03-04,Salt 1kg,241,432,2,0,8
2026-03-04,Tea 500g,149,88,2,0,12
2026-03-04,Coffee 200g,216,778,2,0,9
2026-03-04,greenchilli-100g,181,470,2,0,11
2026-03-04,Redchilli-50g,428,209,2,0,11
2026-03-04,GaramMasala,12,852,2,0,4
2026-03-04,Curd-200g,500,370,2,0,11
2026-03-04,garlic100g,481,884,2,0,18
2026-03-04,ginger100g,113,289,2,0,13
2026-03-05,Rice 26kg,62,841,3,0,5
2026-03-05,Sugar,87,218,3,0,13
2026-03-05,Milk 1L,63,555,3,0,21
2026-03-05,Bread,316,149,3,0,12
2026-03-05,Eggs 12pk,75,356,3,0,23
2026-03-05,Cooking Oil 5L,83,597,3,0,3
2026-03-05,Dal 1kg,279,235,3,0,8
2026-03-05,Salt 1kg,376,696,3,0,8
2026-03-05,Tea 500g,232,103,3,0,5
2026-03-05,Coffee 200g,348,849,3,0,7
2026-03-05,greenchilli-100g,101,455,3,0,21
2026-03-05,Redchilli-50g,217,994,3,0,9
2026-03-05,GaramMasala,230,632,3,0,8
2026-03-05,Curd-200g,50,99,3,0,19
2026-03-05,garlic100g,188,259,3,0,12
2026-03-05,ginger100g,439,557,3,0,10
2026-03-06,Rice 26kg,191,528,4,0,3
2026-03-06,Sugar,480,70,4,0,18
2026-03-06,Milk 1L,324,351,4,0,15
2026-03-06,Bread,217,682,4,0,15
2026-03-06,Eggs 12pk,340,461,4,0,19
2026-03-06,Cooking Oil 5L,269,97,4,0,4
2026-03-06,Dal 1kg,322,375,4,0,17
2026-03-06,Salt 1kg,490,702,4,0,6
2026-03-06,Tea 500g,36,54,4,0,8
2026-03-06,Coffee 200g,175,162,4,0,3
2026-03-06,greenchilli-100g,52,820,4,0,20
2026-03-06,Redchilli-50g,436,53,4,0,9
2026-03-06,GaramMasala,401,78,4,0,7
2026-03-06,Curd-200g,27,208,4,0,19
2026-03-06,garlic100g,108,700,4,0,9
2026-03-06,ginger100g,362,602,4,0,7
2026-03-07,Rice 26kg,475,999,5,1,4
2026-03-07,Sugar,48,792,5,1,29
2026-03-07,Milk 1L,113,404,5,1,22
2026-03-07,Bread,116,143,5,1,15
2026-03-07,Eggs 12pk,139,113,5,1,22
2026-03-07,Cooking Oil 5L,93,838,5,1,10
2026-03-07,Dal 1kg,452,360,5,1,18
2026-03-07,Salt 1kg,31,681,5,1,14
2026-03-07,Tea 500g,342,505,5,1,15
2026-03-07,Coffee 200g,13,435,5,1,19
2026-03-07,greenchilli-100g,249,841,5,1,26
2026-03-07,Redchilli-50g,450,843,5,1,12
2026-03-07,GaramMasala,319,238,5,1,10
2026-03-07,Curd-200g,449,304,5,1,24
2026-03-07,garlic100g,420,400,5,1,20
2026-03-07,ginger100g,66,989,5,1,19
2026-03-08,Rice 26kg,99,134,6,1,15
2026-03-08,Sugar,422,254,6,1,30
2026-03-08,Milk 1L,482,92,6,1,34
2026-03-08,Bread,203,911,6,1,16
2026-03-08,Eggs 12pk,41,601,6,1,17
2026-03-08,Cooking Oil 5L,201,413,6,1,11
2026-03-08,Dal 1kg,235,944,6,1,9
2026-03-08,Salt 1kg,104,531,6,1,16
2026-03-08,Tea 500g,411,149,6,1,16
2026-03-08,Coffee 200g,304,759,6,1,18
2026-03-08,greenchilli-100g,188,471,6,1,19
2026-03-08,Redchilli-50g,20,982,6,1,16
2026-03-08,GaramMasala,336,514,6,1,7
2026-03-08,Curd-200g,400,934,6,1,27
2026-03-08,garlic100g,203,965,6,1,18
2026-03-08,ginger100g,446,453,6,1,13
2026-03-09,Rice 26kg,352,789,0,0,4
2026-03-09,Sugar,69,807,0,0,12
2026-03-09,Milk 1L,243,438,0,0,16
2026-03-09,Bread,350,409,0,0,13
2026-03-09,Eggs 12pk,268,394,0,0,24
2026-03-09,Cooking Oil 5L,377,50,0,0,4
2026-03-09,Dal 1kg,399,310,0,0,12
2026-03-09,Salt 1kg,443,57,0,0,8
2026-03-09,Tea 500g,180,839,0,0,7
2026-03-09,Coffee 200g,101,897,0,0,9
2026-03-09,greenchilli-100g,115,101,0,0,16
2026-03-09,Redchilli-50g,246,798,0,0,7
2026-03-09,GaramMasala,158,457,0,0,8
2026-03-09,Curd-200g,313,767,0,0,19
2026-03-09,garlic100g,76,225,0,0,12
2026-03-09,ginger100g,54,517,0,0,13
2026-03-10,Rice 26kg,177,204,1,0,4
2026-03-10,Sugar,141,971,1,0,18
2026-03-10,Milk 1L,404,595,1,0,30
2026-03-10,Bread,249,943,1,0,16
2026-03-10,Eggs 12pk,182,918,1,0,20
2026-03-10,Cooking Oil 5L,311,908,1,0,6
2026-03-10,Dal 1kg,305,683,1,0,11
2026-03-10,Salt 1kg,443,558,1,0,7
2026-03-10,Tea 500g,331,268,1,0,10
2026-03-10,Coffee 200g,458,564,1,0,12
2026-03-10,greenchilli-100g,136,888,1,0,26
2026-03-10,Redchilli-50g,226,699,1,0,8
2026-03-10,GaramMasala,497,215,1,0,4
2026-03-10,Curd-200g,162,479,1,0,9
2026-03-10,garlic100g,237,365,1,0,7
2026-03-10,ginger100g,77,137,1,0,8
2026-03-11,Rice 26kg,69,875,2,0,2
2026-03-11,Sugar,426,957,2,0,19
2026-03-11,Milk 1L,21,671,2,0,31
2026-03-11,Bread,151,410,2,0,10
2026-03-11,Eggs 12pk,348,181,2,0,18
2026-03-11,Cooking Oil 5L,128,609,2,0,5
2026-03-11,Dal 1kg,466,519,2,0,16
2026-03-11,Salt 1kg,457,595,2,0,10
2026-03-11,Tea 500g,146,420,2,0,13
2026-03-11,Coffee 200g,180,589,2,0,12
2026-03-11,greenchilli-100g,166,196,2,0,23
2026-03-11,Redchilli-50g,64,656,2,0,9
2026-03-11,GaramMasala,366,176,2,0,4
2026-03-11,Curd-200g,246,567,2,0,20
2026-03-11,garlic100g,184,778,2,0,6
2026-03-11,ginger100g,23,501,2,0,15
2026-03-12,Rice 26kg,107,675,3,0,3
2026-03-12,Sugar,102,836,3,0,12
2026-03-12,Milk 1L,437,232,3,0,19
2026-03-12,Bread,105,732,3,0,18
2026-03-12,Eggs 12pk,63,935,3,0,10
2026-03-12,Cooking Oil 5L,38,422,3,0,4
2026-03-12,Dal 1kg,78,165,3,0,9
2026-03-12,Salt 1kg,323,788,3,0,4
2026-03-12,Tea 500g,152,811,3,0,17
2026-03-12,Coffee 200g,163,288,3,0,3
2026-03-12,greenchilli-100g,41,136,3,0,19
2026-03-12,Redchilli-50g,91,190,3,0,11
2026-03-12,GaramMasala,366,747,3,0,7
2026-03-12,Curd-200g,332,115,3,0,10
2026-03-12,garlic100g,391,507,3,0,9
2026-03-12,ginger100g,166,592,3,0,9
2026-03-13,Rice 26kg,371,794,4,0,5
2026-03-13,Sugar,190,561,4,0,10
2026-03-13,Milk 1L,158,656,4,0,23
2026-03-13,Bread,380,870,4,0,10
2026-03-13,Eggs 12pk,82,931,4,0,9
2026-03-13,Cooking Oil 5L,292,879,4,0,3
2026-03-13,Dal 1kg,468,322,4,0,9
2026-03-13,Salt 1kg,194,213,4,0,5
2026-03-13,Tea 500g,129,55,4,0,13
2026-03-13,Coffee 200g,477,303,4,0,8
2026-03-13,greenchilli-100g,84,318,4,0,25
2026-03-13,Redchilli-50g,420,172,4,0,7
2026-03-13,GaramMasala,358,418,4,0,7
2026-03-13,Curd-200g,234,743,4,0,12
2026-03-13,garlic100g,139,559,4,0,9
2026-03-13,ginger100g,166,492,4,0,11
2026-03-14,Rice 26kg,395,396,5,1,12
2026-03-14,Sugar,202,237,5,1,14
2026-03-14,Milk 1L,348,978,5,1,18
2026-03-14,Bread,269,580,5,1,16
2026-03-14,Eggs 12pk,242,741,5,1,17
2026-03-14,Cooking Oil 5L,190,362,5,1,6
2026-03-14,Dal 1kg,98,115,5,1,13
2026-03-14,Salt 1kg,257,272,5,1,14
2026-03-14,Tea 500g,74,318,5,1,16
2026-03-14,Coffee 200g,460,991,5,1,9
2026-03-14,greenchilli-100g,340,92,5,1,22
2026-03-14,Redchilli-50g,202,851,5,1,13
2026-03-14,GaramMasala,322,549,5,1,9
2026-03-14,Curd-200g,246,106,5,1,24
2026-03-14,garlic100g,457,384,5,1,20
2026-03-14,ginger100g,297,471,5,1,21
2026-03-15,Rice 26kg,96,925,6,1,9
2026-03-15,Sugar,367,660,6,1,19
2026-03-15,Milk 1L,178,792,6,1,15
2026-03-15,Bread,232,388,6,1,21
2026-03-15,Eggs 12pk,373,296,6,1,14
2026-03-15,Cooking Oil 5L,151,613,6,1,9
2026-03-15,Dal 1kg,321,249,6,1,16
2026-03-15,Salt 1kg,277,289,6,1,12
2026-03-15,Tea 500g,164,275,6,1,14
2026-03-15,Coffee 200g,412,394,6,1,13
2026-03-15,greenchilli-100g,43,981,6,1,13
2026-03-15,Redchilli-50g,436,681,6,1,18
2026-03-15,GaramMasala,96,150,6,1,15
2026-03-15,Curd-200g,364,162,6,1,9
2026-03-15,garlic100g,293,715,6,1,20
2026-03-15,ginger100g,209,148,6,1,19
2026-03-16,Rice 26kg,323,964,0,0,4
2026-03-16,Sugar,47,942,0,0,20
2026-03-16,Milk 1L,146,61,0,0,14
2026-03-16,Bread,432,489,0,0,19
2026-03-16,Eggs 12pk,143,674,0,0,21
2026-03-16,Cooking Oil 5L,294,731,0,0,3
2026-03-16,Dal 1kg,484,627,0,0,8
2026-03-16,Salt 1kg,461,975,0,0,5
2026-03-16,Tea 500g,439,855,0,0,10
2026-03-16,Coffee 200g,203,944,0,0,6
2026-03-16,greenchilli-100g,317,581,0,0,17
2026-03-16,Redchilli-50g,442,716,0,0,7
2026-03-16,GaramMasala,251,73,0,0,4
2026-03-16,Curd-200g,481,391,0,0,18
2026-03-16,garlic100g,198,147,0,0,10
2026-03-16,ginger100g,132,980,0,0,15
2026-03-17,Rice 26kg,425,735,1,0,5
2026-03-17,Sugar,237,526,1,0,10
2026-03-17,Milk 1L,145,742,1,0,20
2026-03-17,Bread,466,444,1,0,17
2026-03-17,Eggs 12pk,415,928,1,0,22
2026-03-17,Cooking Oil 5L,442,825,1,0,5
2026-03-17,Dal 1kg,207,166,1,0,7
2026-03-17,Salt 1kg,307,768,1,0,9
2026-03-17,Tea 500g,206,765,1,0,14
2026-03-17,Coffee 200g,340,67,1,0,10
2026-03-17,greenchilli-100g,108,215,1,0,18
2026-03-17,Redchilli-50g,230,240,1,0,11
2026-03-17,GaramMasala,402,369,1,0,6
2026-03-17,Curd-200g,489,441,1,0,10
2026-03-17,garlic100g,75,223,1,0,17
2026-03-17,ginger100g,464,681,1,0,16
2026-03-18,Rice 26kg,10,78,2,0,5
2026-03-18,Sugar,53,748,2,0,21
2026-03-18,Milk 1L,329,877,2,0,13
2026-03-18,Bread,330,784,2,0,17
2026-03-18,Eggs 12pk,189,276,2,0,24
2026-03-18,Cooking Oil 5L,78,318,2,0,4
2026-03-18,Dal 1kg,20,511,2,0,17
2026-03-18,Salt 1kg,388,601,2,0,4
2026-03-18,Tea 500g,311,915,2,0,7
2026-03-18,Coffee 200g,237,237,2,0,7
2026-03-18,greenchilli-100g,500,78,2,0,17
2026-03-18,Redchilli-50g,34,189,2,0,7
2026-03-18,GaramMasala,434,752,2,0,6
2026-03-18,Curd-200g,467,285,2,0,21
2026-03-18,garlic100g,370,104,2,0,16
2026-03-18,ginger100g,60,622,2,0,17
2026-03-19,Rice 26kg,66,300,3,0,5
2026-03-19,Sugar,206,259,3,0,20
2026-03-19,Milk 1L,213,377,3,0,26
2026-03-19,Bread,143,387,3,0,14
2026-03-19,Eggs 12pk,446,438,3,0,22
2026-03-19,Cooking Oil 5L,41,157,3,0,3
2026-03-19,Dal 1kg,406,298,3,0,17
2026-03-19,Salt 1kg,33,712,3,0,10
2026-03-19,Tea 500g,51,812,3,0,5
2026-03-19,Coffee 200g,243,542,3,0,7
2026-03-19,greenchilli-100g,77,211,3,0,14
2026-03-19,Redchilli-50g,270,278,3,0,9
2026-03-19,GaramMasala,154,60,3,0,7
2026-03-19,Curd-200g,234,537,3,0,13
2026-03-19,garlic100g,451,755,3,0,6
2026-03-19,ginger100g,106,108,3,0,10
2026-03-20,Rice 26kg,368,206,4,0,3
2026-03-20,Sugar,128,342,4,0,14
2026-03-20,Milk 1L,314,401,4,0,14
2026-03-20,Bread,430,225,4,0,11
2026-03-20,Eggs 12pk,424,97,4,0,13
2026-03-20,Cooking Oil 5L,473,293,4,0,4
2026-03-20,Dal 1kg,66,986,4,0,10
2026-03-20,Salt 1kg,271,100,4,0,10
2026-03-20,Tea 500g,361,56,4,0,10
2026-03-20,Coffee 200g,455,269,4,0,13
2026-03-20,greenchilli-100g,280,413,4,0,14
2026-03-20,Redchilli-50g,14,94,4,0,11
2026-03-20,GaramMasala,475,941,4,0,9
2026-03-20,Curd-200g,95,671,4,0,12
2026-03-20,garlic100g,494,335,4,0,16
2026-03-20,ginger100g,181,521,4,0,15
2026-03-21,Rice 26kg,228,721,5,1,7
2026-03-21,Sugar,389,781,5,1,27
2026-03-21,Milk 1L,44,448,5,1,18
2026-03-21,Bread,283,243,5,1,26
2026-03-21,Eggs 12pk,459,867,5,1,19
2026-03-21,Cooking Oil 5L,241,97,5,1,7
2026-03-21,Dal 1kg,344,292,5,1,15
2026-03-21,Salt 1kg,247,495,5,1,14
2026-03-21,Tea 500g,314,559,5,1,18
2026-03-21,Coffee 200g,166,235,5,1,15
2026-03-21,greenchilli-100g,493,437,5,1,16
2026-03-21,Redchilli-50g,79,607,5,1,14
2026-03-21,GaramMasala,423,68,5,1,10
2026-03-21,Curd-200g,367,889,5,1,13
2026-03-21,garlic100g,20,694,5,1,13
2026-03-21,ginger100g,324,444,5,1,12
2026-03-22,Rice 26kg,342,812,6,1,6
2026-03-22,Sugar,191,787,6,1,23
2026-03-22,Milk 1L,336,420,6,1,22
2026-03-22,Bread,387,153,6,1,20
2026-03-22,Eggs 12pk,128,211,6,1,18
2026-03-22,Cooking Oil 5L,432,522,6,1,9
2026-03-22,Dal 1kg,29,392,6,1,16
2026-03-22,Salt 1kg,160,314,6,1,16
2026-03-22,Tea 500g,424,823,6,1,24
2026-03-22,Coffee 200g,171,121,6,1,9
2026-03-22,greenchilli-100g,437,400,6,1,30
2026-03-22,Redchilli-50g,481,199,6,1,10
2026-03-22,GaramMasala,406,716,6,1,10
2026-03-22,Curd-200g,461,237,6,1,25
2026-03-22,garlic100g,500,863,6,1,17
2026-03-22,ginger100g,452,823,6,1,9
2026-03-23,Rice 26kg,149,203,0,0,5
2026-03-23,Sugar,34,288,0,0,11
2026-03-23,Milk 1L,207,930,0,0,29
2026-03-23,Bread,91,476,0,0,18
2026-03-23,Eggs 12pk,36,445,0,0,6
2026-03-23,Cooking Oil 5L,113,393,0,0,5
2026-03-23,Dal 1kg,116,707,0,0,18
2026-03-23,Salt 1kg,349,594,0,0,12
2026-03-23,Tea 500g,338,519,0,0,14
2026-03-23,Coffee 200g,326,145,0,0,8
2026-03-23,greenchilli-100g,155,283,0,0,21
2026-03-23,Redchilli-50g,187,81,0,0,10
2026-03-23,GaramMasala,412,549,0,0,6
2026-03-23,Curd-200g,475,197,0,0,22
2026-03-23,garlic100g,261,653,0,0,11
2026-03-23,ginger100g,294,582,0,0,11
2026-03-24,Rice 26kg,108,746,1,0,6
2026-03-24,Sugar,237,600,1,0,21
2026-03-24,Milk 1L,448,310,1,0,12
2026-03-24,Bread,170,521,1,0,18
2026-03-24,Eggs 12pk,314,574,1,0,9
2026-03-24,Cooking Oil 5L,255,889,1,0,5
2026-03-24,Dal 1kg,220,444,1,0,8
2026-03-24,Salt 1kg,252,633,1,0,12
2026-03-24,Tea 500g,155,443,1,0,10
2026-03-24,Coffee 200g,437,98,1,0,4
2026-03-24,greenchilli-100g,219,826,1,0,23
2026-03-24,Redchilli-50g,54,858,1,0,10
2026-03-24,GaramMasala,44,903,1,0,4
2026-03-24,Curd-200g,227,770,1,0,19
2026-03-24,garlic100g,18,167,1,0,19
2026-03-24,ginger100g,229,227,1,0,17
2026-03-25,Rice 26kg,433,93,2,0,5
2026-03-25,Sugar,478,124,2,0,21
2026-03-25,Milk 1L,388,500,2,0,27
2026-03-25,Bread,225,631,2,0,19
2026-03-25,Eggs 12pk,309,507,2,0,9
2026-03-25,Cooking Oil 5L,404,390,2,0,6
2026-03-25,Dal 1kg,439,599,2,0,17
2026-03-25,Salt 1kg,55,252,2,0,5
2026-03-25,Tea 500g,223,959,2,0,14
2026-03-25,Coffee 200g,162,522,2,0,14
2026-03-25,greenchilli-100g,104,562,2,0,10
2026-03-25,Redchilli-50g,83,339,2,0,7
2026-03-25,GaramMasala,74,805,2,0,5
2026-03-25,Curd-200g,19,108,2,0,16
2026-03-25,garlic100g,232,111,2,0,11
2026-03-25,ginger100g,292,116,2,0,14
2026-03-26,Rice 26kg,364,343,3,0,3
2026-03-26,Sugar,237,657,3,0,7
2026-03-26,Milk 1L,152,961,3,0,10
2026-03-26,Bread,119,64,3,0,11
2026-03-26,Eggs 12pk,458,578,3,0,22
2026-03-26,Cooking Oil 5L,394,797,3,0,2
2026-03-26,Dal 1kg,319,241,3,0,8
2026-03-26,Salt 1kg,480,141,3,0,7
2026-03-26,Tea 500g,31,349,3,0,11
2026-03-26,Coffee 200g,472,998,3,0,5
2026-03-26,greenchilli-100g,415,570,3,0,23
2026-03-26,Redchilli-50g,467,981,3,0,11
2026-03-26,GaramMasala,175,204,3,0,10
2026-03-26,Curd-200g,392,245,3,0,17
2026-03-26,garlic100g,212,779,3,0,12
2026-03-26,ginger100g,401,92,3,0,13
2026-03-27,Rice 26kg,187,414,4,0,6
2026-03-27,Sugar,206,330,4,0,19
2026-03-27,Milk 1L,211,509,4,0,12
2026-03-27,Bread,410,757,4,0,19
2026-03-27,Eggs 12pk,57,242,4,0,12
2026-03-27,Cooking Oil 5L,24,958,4,0,5
2026-03-27,Dal 1kg,255,195,4,0,12
2026-03-27,Salt 1kg,273,331,4,0,4
2026-03-27,Tea 500g,418,251,4,0,6
2026-03-27,Coffee 200g,432,626,4,0,9
2026-03-27,greenchilli-100g,61,180,4,0,25
2026-03-27,Redchilli-50g,136,280,4,0,2
2026-03-27,GaramMasala,62,260,4,0,7
2026-03-27,Curd-200g,358,908,4,0,7
2026-03-27,garlic100g,389,555,4,0,8
2026-03-27,ginger100g,179,363,4,0,8
2026-03-28,Rice 26kg,293,906,5,1,10
2026-03-28,Sugar,159,508,5,1,21
2026-03-28,Milk 1L,450,503,5,1,21
2026-03-28,Bread,207,621,5,1,24
2026-03-28,Eggs 12pk,283,778,5,1,26
2026-03-28,Cooking Oil 5L,249,620,5,1,11
2026-03-28,Dal 1kg,290,795,5,1,10
2026-03-28,Salt 1kg,182,304,5,1,10
2026-03-28,Tea 500g,170,814,5,1,18
2026-03-28,Coffee 200g,100,763,5,1,18
2026-03-28,greenchilli-100g,192,457,5,1,32
2026-03-28,Redchilli-50g,292,703,5,1,12
2026-03-28,GaramMasala,354,794,5,1,14
2026-03-28,Curd-200g,224,691,5,1,13
2026-03-28,garlic100g,86,410,5,1,23
2026-03-28,ginger100g,386,86,5,1,22
2026-03-29,Rice 26kg,476,165,6,1,14
2026-03-29,Sugar,201,521,6,1,16
2026-03-29,Milk 1L,382,777,6,1,24
2026-03-29,Bread,406,485,6,1,26
2026-03-29,Eggs 12pk,451,904,6,1,26
2026-03-29,Cooking Oil 5L,148,432,6,1,11
2026-03-29,Dal 1kg,180,61,6,1,23
2026-03-29,Salt 1kg,190,616,6,1,18
2026-03-29,Tea 500g,344,573,6,1,11
2026-03-29,Coffee 200g,318,389,6,1,12
2026-03-29,greenchilli-100g,161,133,6,1,23
2026-03-29,Redchilli-50g,386,413,6,1,8
2026-03-29,GaramMasala,59,352,6,1,13
2026-03-29,Curd-200g,438,198,6,1,22
2026-03-29,garlic100g,234,651,6,1,12
2026-03-29,ginger100g,469,805,6,1,9
2026-03-30,Rice 26kg,183,241,0,0,4
2026-03-30,Sugar,22,779,0,0,13
2026-03-30,Milk 1L,280,442,0,0,16
2026-03-30,Bread,74,249,0,0,6
2026-03-30,Eggs 12pk,123,317,0,0,15
2026-03-30,Cooking Oil 5L,154,976,0,0,7
2026-03-30,Dal 1kg,100,970,0,0,12
2026-03-30,Salt 1kg,390,177,0,0,11
2026-03-30,Tea 500g,18,177,0,0,7
2026-03-30,Coffee 200g,327,736,0,0,11
2026-03-30,greenchilli-100g,200,736,0,0,8
2026-03-30,Redchilli-50g,26,460,0,0,6
2026-03-30,GaramMasala,438,805,0,0,8
2026-03-30,Curd-200g,442,228,0,0,11
2026-03-30,garlic100g,182,788,0,0,5
2026-03-30,ginger100g,188,982,0,0,16
2026-03-31,Rice 26kg,133,808,1,0,2
2026-03-31,Sugar,94,794,1,0,12
2026-03-31,Milk 1L,204,868,1,0,19
2026-03-31,Bread,288,344,1,0,19
2026-03-31,Eggs 12pk,239,625,1,0,9
2026-03-31,Cooking Oil 5L,363,569,1,0,3
2026-03-31,Dal 1kg,453,115,1,0,10
2026-03-31,Salt 1kg,276,72,1,0,6
2026-03-31,Tea 500g,318,369,1,0,6
2026-03-31,Coffee 200g,14,452,1,0,13
2026-03-31,greenchilli-100g,263,946,1,0,10
2026-03-31,Redchilli-50g,142,177,1,0,8
2026-03-31,GaramMasala,490,232,1,0,5
2026-03-31,Curd-200g,276,858,1,0,20
2026-03-31,garlic100g,369,830,1,0,10
2026-03-31,ginger100g,43,994,1,0,9
2026-04-01,Rice 26kg,444,635,2,0,6
2026-04-01,Sugar,326,96,2,0,20
2026-04-01,Milk 1L,333,569,2,0,27
2026-04-01,Bread,302,943,2,0,9
2026-04-01,Eggs 12pk,238,56,2,0,12
2026-04-01,Cooking Oil 5L,430,714,2,0,7
2026-04-01,Dal 1kg,260,528,2,0,14
2026-04-01,Salt 1kg,410,305,2,0,6
2026-04-01,Tea 500g,497,605,2,0,6
2026-04-01,Coffee 200g,269,323,2,0,5
2026-04-01,greenchilli-100g,84,305,2,0,21
2026-04-01,Redchilli-50g,158,89,2,0,6
2026-04-01,GaramMasala,331,480,2,0,5
2026-04-01,Curd-200g,149,507,2,0,9
2026-04-01,garlic100g,305,558,2,0,9
2026-04-01,ginger100g,290,730,2,0,17
2026-04-02,Rice 26kg,468,834,3,0,6
2026-04-02,Sugar,257,706,3,0,15
2026-04-02,Milk 1L,373,396,3,0,28
2026-04-02,Bread,96,428,3,0,7
2026-04-02,Eggs 12pk,77,689,3,0,14
2026-04-02,Cooking Oil 5L,300,935,3,0,4
2026-04-02,Dal 1kg,98,223,3,0,9
2026-04-02,Salt 1kg,76,614,3,0,5
2026-04-02,Tea 500g,96,733,3,0,5
2026-04-02,Coffee 200g,200,927,3,0,6
2026-04-02,greenchilli-100g,462,330,3,0,28
2026-04-02,Redchilli-50g,462,885,3,0,8
2026-04-02,GaramMasala,23,256,3,0,7
2026-04-02,Curd-200g,59,305,3,0,16
2026-04-02,garlic100g,168,804,3,0,12
2026-04-02,ginger100g,287,144,3,0,10
2026-04-03,Rice 26kg,227,821,4,0,6
2026-04-03,Sugar,33,854,4,0,9
2026-04-03,Milk 1L,63,544,4,0,22
2026-04-03,Bread,365,217,4,0,13
2026-04-03,Eggs 12pk,478,926,4,0,14
2026-04-03,Cooking Oil 5L,246,595,4,0,5
2026-04-03,Dal 1kg,374,916,4,0,17
2026-04-03,Salt 1kg,169,869,4,0,5
2026-04-03,Tea 500g,465,451,4,0,10
2026-04-03,Coffee 200g,273,644,4,0,6
2026-04-03,greenchilli-100g,267,636,4,0,16
2026-04-03,Redchilli-50g,468,567,4,0,4
2026-04-03,GaramMasala,70,56,4,0,10
2026-04-03,Curd-200g,390,322,4,0,19
2026-04-03,garlic100g,317,766,4,0,11
2026-04-03,ginger100g,282,312,4,0,17
2026-04-04,Rice 26kg,105,620,5,1,11
2026-04-04,Sugar,167,441,5,1,27
2026-04-04,Milk 1L,357,836,5,1,26
2026-04-04,Bread,145,917,5,1,16
2026-04-04,Eggs 12pk,63,198,5,1,30
2026-04-04,Cooking Oil 5L,471,165,5,1,6
2026-04-04,Dal 1kg,215,509,5,1,21
2026-04-04,Salt 1kg,151,134,5,1,16
2026-04-04,Tea 500g,171,837,5,1,15
2026-04-04,Coffee 200g,127,766,5,1,10
2026-04-04,greenchilli-100g,387,425,5,1,21
2026-04-04,Redchilli-50g,135,104,5,1,14
2026-04-04,GaramMasala,476,496,5,1,11
2026-04-04,Curd-200g,385,892,5,1,25
2026-04-04,garlic100g,299,534,5,1,22
2026-04-04,ginger100g,418,86,5,1,21
2026-04-05,Rice 26kg,370,920,6,1,10
2026-04-05,Sugar,499,762,6,1,17
2026-04-05,Milk 1L,443,637,6,1,37
2026-04-05,Bread,345,322,6,1,15
2026-04-05,Eggs 12pk,418,453,6,1,19
2026-04-05,Cooking Oil 5L,389,965,6,1,9
2026-04-05,Dal 1kg,474,386,6,1,10
2026-04-05,Salt 1kg,231,602,6,1,12
2026-04-05,Tea 500g,465,116,6,1,12
2026-04-05,Coffee 200g,46,700,6,1,16
2026-04-05,greenchilli-100g,178,133,6,1,29
2026-04-05,Redchilli-50g,486,368,6,1,18
2026-04-05,GaramMasala,105,553,6,1,7
2026-04-05,Curd-200g,205,223,6,1,13
2026-04-05,garlic100g,345,931,6,1,13
2026-04-05,ginger100g,460,116,6,1,13
2026-04-06,Rice 26kg,408,796,0,0,4
2026-04-06,Sugar,224,168,0,0,13
2026-04-06,Milk 1L,145,767,0,0,11
2026-04-06,Bread,399,229,0,0,20
2026-04-06,Eggs 12pk,165,420,0,0,18
2026-04-06,Cooking Oil 5L,369,168,0,0,5
2026-04-06,Dal 1kg,369,792,0,0,9
2026-04-06,Salt 1kg,378,464,0,0,13
2026-04-06,Tea 500g,205,574,0,0,7
2026-04-06,Coffee 200g,350,389,0,0,8
2026-04-06,greenchilli-100g,124,433,0,0,16
2026-04-06,Redchilli-50g,420,503,0,0,12
2026-04-06,GaramMasala,296,222,0,0,5
2026-04-06,Curd-200g,182,959,0,0,16
2026-04-06,garlic100g,371,787,0,0,14
2026-04-06,ginger100g,328,648,0,0,16
2026-04-07,Rice 26kg,52,844,1,0,4
2026-04-07,Sugar,476,683,1,0,16
2026-04-07,Milk 1L,298,784,1,0,23
2026-04-07,Bread,284,815,1,0,10
2026-04-07,Eggs 12pk,253,955,1,0,11
2026-04-07,Cooking Oil 5L,494,919,1,0,4
2026-04-07,Dal 1kg,475,516,1,0,14
2026-04-07,Salt 1kg,327,156,1,0,10
2026-04-07,Tea 500g,35,459,1,0,7
2026-04-07,Coffee 200g,301,574,1,0,8
2026-04-07,greenchilli-100g,77,281,1,0,17
2026-04-07,Redchilli-50g,282,619,1,0,8
2026-04-07,GaramMasala,300,448,1,0,8
2026-04-07,Curd-200g,156,620,1,0,14
2026-04-07,garlic100g,273,239,1,0,8
2026-04-07,ginger100g,188,507,1,0,12
2026-04-08,Rice 26kg,320,433,2,0,2
2026-04-08,Sugar,129,899,2,0,23
2026-04-08,Milk 1L,302,376,2,0,17
2026-04-08,Bread,264,462,2,0,20
2026-04-08,Eggs 12pk,336,624,2,0,12
2026-04-08,Cooking Oil 5L,70,229,2,0,3
2026-04-08,Dal 1kg,17,128,2,0,7
2026-04-08,Salt 1kg,144,473,2,0,5
2026-04-08,Tea 500g,305,786,2,0,4
2026-04-08,Coffee 200g,461,652,2,0,9
2026-04-08,greenchilli-100g,158,211,2,0,9
2026-04-08,Redchilli-50g,386,689,2,0,11
2026-04-08,GaramMasala,145,170,2,0,10
2026-04-08,Curd-200g,398,958,2,0,21
2026-04-08,garlic100g,385,833,2,0,14
2026-04-08,ginger100g,222,525,2,0,6
2026-04-09,Rice 26kg,118,397,3,0,5
2026-04-09,Sugar,409,444,3,0,20
2026-04-09,Milk 1L,264,813,3,0,19
2026-04-09,Bread,260,938,3,0,19
2026-04-09,Eggs 12pk,124,61,3,0,24
2026-04-09,Cooking Oil 5L,420,801,3,0,2
2026-04-09,Dal 1kg,12,331,3,0,10
2026-04-09,Salt 1kg,117,778,3,0,7
2026-04-09,Tea 500g,180,538,3,0,11
2026-04-09,Coffee 200g,52,504,3,0,10
2026-04-09,greenchilli-100g,99,262,3,0,18
2026-04-09,Redchilli-50g,64,493,3,0,9
2026-04-09,GaramMasala,392,824,3,0,7
2026-04-09,Curd-200g,199,933,3,0,16
2026-04-09,garlic100g,216,248,3,0,8
2026-04-09,ginger100g,162,493,3,0,17
2026-04-10,Rice 26kg,68,967,4,0,4
2026-04-10,Sugar,80,495,4,0,24
2026-04-10,Milk 1L,66,828,4,0,23
2026-04-10,Bread,201,377,4,0,17
2026-04-10,Eggs 12pk,451,880,4,0,21
2026-04-10,Cooking Oil 5L,299,628,4,0,6
2026-04-10,Dal 1kg,468,651,4,0,12
2026-04-10,Salt 1kg,57,812,4,0,8
2026-04-10,Tea 500g,81,191,4,0,12
2026-04-10,Coffee 200g,143,392,4,0,5
2026-04-10,greenchilli-100g,86,983,4,0,16
2026-04-10,Redchilli-50g,441,726,4,0,10
2026-04-10,GaramMasala,58,333,4,0,6
2026-04-10,Curd-200g,482,620,4,0,11
2026-04-10,garlic100g,187,640,4,0,15
2026-04-10,ginger100g,125,625,4,0,15
2026-04-11,Rice 26kg,310,422,5,1,8
2026-04-11,Sugar,281,836,5,1,23
2026-04-11,Milk 1L,223,773,5,1,17
2026-04-11,Bread,33,638,5,1,18
2026-04-11,Eggs 12pk,309,76,5,1,17
2026-04-11,Cooking Oil 5L,77,83,5,1,10
2026-04-11,Dal 1kg,330,800,5,1,19
2026-04-11,Salt 1kg,289,171,5,1,19
2026-04-11,Tea 500g,247,668,5,1,18
2026-04-11,Coffee 200g,188,296,5,1,15
2026-04-11,greenchilli-100g,177,524,5,1,19
2026-04-11,Redchilli-50g,413,742,5,1,13
2026-04-11,GaramMasala,486,551,5,1,14
2026-04-11,Curd-200g,300,243,5,1,19
2026-04-11,garlic100g,403,803,5,1,18
2026-04-11,ginger100g,345,997,5,1,20
2026-04-12,Rice 26kg,387,903,6,1,10
2026-04-12,Sugar,455,105,6,1,25
2026-04-12,Milk 1L,474,952,6,1,34
2026-04-12,Bread,493,185,6,1,24
2026-04-12,Eggs 12pk,416,608,6,1,16
2026-04-12,Cooking Oil 5L,30,320,6,1,12
2026-04-12,Dal 1kg,394,699,6,1,12
2026-04-12,Salt 1kg,429,82,6,1,16
2026-04-12,Tea 500g,443,261,6,1,19
2026-04-12,Coffee 200g,446,172,6,1,13
2026-04-12,greenchilli-100g,72,546,6,1,15
2026-04-12,Redchilli-50g,348,820,6,1,10
2026-04-12,GaramMasala,438,475,6,1,9
2026-04-12,Curd-200g,314,673,6,1,29
2026-04-12,garlic100g,338,61,6,1,16
2026-04-12,ginger100g,213,404,6,1,10
2026-04-13,Rice 26kg,126,502,0,0,2
2026-04-13,Sugar,472,979,0,0,20
2026-04-13,Milk 1L,232,522,0,0,9
2026-04-13,Bread,413,428,0,0,19
2026-04-13,Eggs 12pk,47,548,0,0,16
2026-04-13,Cooking Oil 5L,199,694,0,0,1
2026-04-13,Dal 1kg,225,654,0,0,10
2026-04-13,Salt 1kg,471,674,0,0,8
2026-04-13,Tea 500g,280,699,0,0,12
2026-04-13,Coffee 200g,425,910,0,0,9
2026-04-13,greenchilli-100g,219,269,0,0,10
2026-04-13,Redchilli-50g,367,711,0,0,10
2026-04-13,GaramMasala,210,264,0,0,3
2026-04-13,Curd-200g,184,698,0,0,6
2026-04-13,garlic100g,345,713,0,0,10
2026-04-13,ginger100g,163,612,0,0,12
2026-04-14,Rice 26kg,391,848,1,0,5
2026-04-14,Sugar,405,660,1,0,16
2026-04-14,Milk 1L,84,238,1,0,29
2026-04-14,Bread,27,160,1,0,11
2026-04-14,Eggs 12pk,426,461,1,0,21
2026-04-14,Cooking Oil 5L,159,408,1,0,5
2026-04-14,Dal 1kg,127,253,1,0,7
2026-04-14,Salt 1kg,279,290,1,0,7
2026-04-14,Tea 500g,364,657,1,0,9
2026-04-14,Coffee 200g,228,109,1,0,12
2026-04-14,greenchilli-100g,124,98,1,0,20
2026-04-14,Redchilli-50g,434,366,1,0,7
2026-04-14,GaramMasala,420,839,1,0,8
2026-04-14,Curd-200g,474,357,1,0,19
2026-04-14,garlic100g,315,602,1,0,18
2026-04-14,ginger100g,184,915,1,0,15
2026-04-15,Rice 26kg,370,431,2,0,3
2026-04-15,Sugar,17,618,2,0,9
2026-04-15,Milk 1L,174,476,2,0,12
2026-04-15,Bread,441,126,2,0,17
2026-04-15,Eggs 12pk,67,726,2,0,10
2026-04-15,Cooking Oil 5L,150,938,2,0,6
2026-04-15,Dal 1kg,437,981,2,0,9
2026-04-15,Salt 1kg,242,572,2,0,8
2026-04-15,Tea 500g,95,415,2,0,14
2026-04-15,Coffee 200g,380,535,2,0,10
2026-04-15,greenchilli-100g,258,449,2,0,26
2026-04-15,Redchilli-50g,457,282,2,0,9
2026-04-15,GaramMasala,56,385,2,0,5
2026-04-15,Curd-200g,43,656,2,0,10
2026-04-15,garlic100g,321,269,2,0,8
2026-04-15,ginger100g,154,229,2,0,12
2026-04-16,Rice 26kg,109,908,3,0,1
2026-04-16,Sugar,464,840,3,0,20
2026-04-16,Milk 1L,470,541,3,0,23
2026-04-16,Bread,150,174,3,0,13
2026-04-16,Eggs 12pk,415,953,3,0,26
2026-04-16,Cooking Oil 5L,483,534,3,0,4
2026-04-16,Dal 1kg,151,299,3,0,7
2026-04-16,Salt 1kg,59,449,3,0,3
2026-04-16,Tea 500g,380,268,3,0,7
2026-04-16,Coffee 200g,158,395,3,0,9
2026-04-16,greenchilli-100g,478,598,3,0,21
2026-04-16,Redchilli-50g,478,748,3,0,7
2026-04-16,GaramMasala,195,458,3,0,8
2026-04-16,Curd-200g,169,896,3,0,21
2026-04-16,garlic100g,160,474,3,0,7
2026-04-16,ginger100g,353,448,3,0,10
2026-04-17,Rice 26kg,238,982,4,0,3
2026-04-17,Sugar,74,883,4,0,23
2026-04-17,Milk 1L,29,229,4,0,9
2026-04-17,Bread,41,676,4,0,15
2026-04-17,Eggs 12pk,120,429,4,0,22
2026-04-17,Cooking Oil 5L,66,531,4,0,3
2026-04-17,Dal 1kg,491,234,4,0,9
2026-04-17,Salt 1kg,41,152,4,0,9
2026-04-17,Tea 500g,128,70,4,0,7
2026-04-17,Coffee 200g,261,686,4,0,12
2026-04-17,greenchilli-100g,201,862,4,0,26
2026-04-17,Redchilli-50g,111,590,4,0,5
2026-04-17,GaramMasala,282,404,4,0,4
2026-04-17,Curd-200g,328,913,4,0,9
2026-04-17,garlic100g,473,858,4,0,13
2026-04-17,ginger100g,452,636,4,0,12
2026-04-18,Rice 26kg,280,805,5,1,7
2026-04-18,Sugar,20,625,5,1,23
2026-04-18,Milk 1L,352,203,5,1,22
2026-04-18,Bread,385,907,5,1,21
2026-04-18,Eggs 12pk,194,523,5,1,28
2026-04-18,Cooking Oil 5L,366,337,5,1,13
2026-04-18,Dal 1kg,46,684,5,1,15
2026-04-18,Salt 1kg,323,715,5,1,14
2026-04-18,Tea 500g,143,861,5,1,20
2026-04-18,Coffee 200g,31,669,5,1,16
2026-04-18,greenchilli-100g,89,715,5,1,20
2026-04-18,Redchilli-50g,120,135,5,1,10
2026-04-18,GaramMasala,204,921,5,1,6
2026-04-18,Curd-200g,53,699,5,1,26
2026-04-18,garlic100g,288,852,5,1,19
2026-04-18,ginger100g,66,277,5,1,17
2026-04-19,Rice 26kg,418,340,6,1,4
2026-04-19,Sugar,197,758,6,1,21
2026-04-19,Milk 1L,106,64,6,1,23
2026-04-19,Bread,149,168,6,1,18
2026-04-19,Eggs 12pk,144,920,6,1,24
2026-04-19,Cooking Oil 5L,395,531,6,1,12
2026-04-19,Dal 1kg,320,390,6,1,18
2026-04-19,Salt 1kg,156,486,6,1,9
2026-04-19,Tea 500g,93,538,6,1,21
2026-04-19,Coffee 200g,368,105,6,1,18
2026-04-19,greenchilli-100g,295,667,6,1,22
2026-04-19,Redchilli-50g,274,558,6,1,13
2026-04-19,GaramMasala,495,864,6,1,11
2026-04-19,Curd-200g,319,544,6,1,21
2026-04-19,garlic100g,288,417,6,1,19
2026-04-19,ginger100g,482,473,6,1,13
2026-04-20,Rice 26kg,192,638,0,0,3
2026-04-20,Sugar,65,83,0,0,12
2026-04-20,Milk 1L,448,278,0,0,24
2026-04-20,Bread,335,247,0,0,8
2026-04-20,Eggs 12pk,498,356,0,0,20
2026-04-20,Cooking Oil 5L,393,104,0,0,4
2026-04-20,Dal 1kg,144,494,0,0,10
2026-04-20,Salt 1kg,219,376,0,0,9
2026-04-20,Tea 500g,293,563,0,0,6
2026-04-20,Coffee 200g,187,252,0,0,9
2026-04-20,greenchilli-100g,155,266,0,0,17
2026-04-20,Redchilli-50g,452,694,0,0,9
2026-04-20,GaramMasala,144,451,0,0,6
2026-04-20,Curd-200g,420,926,0,0,15
2026-04-20,garlic100g,47,546,0,0,11
2026-04-20,ginger100g,204,414,0,0,10
2026-04-21,Rice 26kg,62,178,1,0,4
2026-04-21,Sugar,358,370,1,0,10
2026-04-21,Milk 1L,318,139,1,0,20
2026-04-21,Bread,97,462,1,0,12
2026-04-21,Eggs 12pk,295,578,1,0,21
2026-04-21,Cooking Oil 5L,421,754,1,0,4
2026-04-21,Dal 1kg,372,957,1,0,8
2026-04-21,Salt 1kg,39,335,1,0,13
2026-04-21,Tea 500g,293,180,1,0,11
2026-04-21,Coffee 200g,496,540,1,0,7
2026-04-21,greenchilli-100g,462,429,1,0,25
2026-04-21,Redchilli-50g,61,910,1,0,10
2026-04-21,GaramMasala,149,454,1,0,6
2026-04-21,Curd-200g,93,628,1,0,14
2026-04-21,garlic100g,292,262,1,0,5
2026-04-21,ginger100g,46,57,1,0,5
2026-04-22,Rice 26kg,42,719,2,0,3
2026-04-22,Sugar,379,86,2,0,6
2026-04-22,Milk 1L,30,592,2,0,11
2026-04-22,Bread,211,240,2,0,8
2026-04-22,Eggs 12pk,376,757,2,0,16
2026-04-22,Cooking Oil 5L,235,199,2,0,2
2026-04-22,Dal 1kg,331,564,2,0,17
2026-04-22,Salt 1kg,348,331,2,0,12
2026-04-22,Tea 500g,247,170,2,0,7
2026-04-22,Coffee 200g,483,719,2,0,6
2026-04-22,greenchilli-100g,235,162,2,0,24
2026-04-22,Redchilli-50g,159,958,2,0,11
2026-04-22,GaramMasala,80,542,2,0,7
2026-04-22,Curd-200g,295,765,2,0,20
2026-04-22,garlic100g,488,968,2,0,15
2026-04-22,ginger100g,488,340,2,0,6
2026-04-23,Rice 26kg,312,951,3,0,7
2026-04-23,Sugar,59,636,3,0,8
2026-04-23,Milk 1L,280,529,3,0,14
2026-04-23,Bread,61,339,3,0,20
2026-04-23,Eggs 12pk,277,757,3,0,12
2026-04-23,Cooking Oil 5L,357,674,3,0,7
2026-04-23,Dal 1kg,73,281,3,0,12
2026-04-23,Salt 1kg,472,939,3,0,5
2026-04-23,Tea 500g,249,142,3,0,10
2026-04-23,Coffee 200g,302,384,3,0,3
2026-04-23,greenchilli-100g,25,51,3,0,16
2026-04-23,Redchilli-50g,169,465,3,0,10
2026-04-23,GaramMasala,405,842,3,0,4
2026-04-23,Curd-200g,32,551,3,0,6
2026-04-23,garlic100g,113,112,3,0,18
2026-04-23,ginger100g,97,851,3,0,12
2026-04-24,Rice 26kg,343,182,4,0,4
2026-04-24,Sugar,219,615,4,0,20
2026-04-24,Milk 1L,214,791,4,0,21
2026-04-24,Bread,395,341,4,0,10
2026-04-24,Eggs 12pk,315,334,4,0,11
2026-04-24,Cooking Oil 5L,218,979,4,0,6
2026-04-24,Dal 1kg,341,311,4,0,12
2026-04-24,Salt 1kg,448,696,4,0,4
2026-04-24,Tea 500g,179,216,4,0,10
2026-04-24,Coffee 200g,170,930,4,0,7
2026-04-24,greenchilli-100g,376,56,4,0,21
2026-04-24,Redchilli-50g,29,722,4,0,8
2026-04-24,GaramMasala,233,407,4,0,4
2026-04-24,Curd-200g,408,738,4,0,15
2026-04-24,garlic100g,36,884,4,0,11
2026-04-24,ginger100g,257,455,4,0,15
2026-04-25,Rice 26kg,494,97,5,1,10
2026-04-25,Sugar,177,918,5,1,28
2026-04-25,Milk 1L,285,334,5,1,24
2026-04-25,Bread,269,694,5,1,24
2026-04-25,Eggs 12pk,497,719,5,1,13
2026-04-25,Cooking Oil 5L,144,181,5,1,7
2026-04-25,Dal 1kg,21,235,5,1,22
2026-04-25,Salt 1kg,34,57,5,1,11
2026-04-25,Tea 500g,367,73,5,1,15
2026-04-25,Coffee 200g,315,660,5,1,14
2026-04-25,greenchilli-100g,311,872,5,1,28
2026-04-25,Redchilli-50g,263,881,5,1,13
2026-04-25,GaramMasala,461,527,5,1,9
2026-04-25,Curd-200g,305,541,5,1,21
2026-04-25,garlic100g,466,505,5,1,12
2026-04-25,ginger100g,275,959,5,1,18
2026-04-26,Rice 26kg,411,211,6,1,6
2026-04-26,Sugar,291,317,6,1,29
2026-04-26,Milk 1L,330,165,6,1,17
2026-04-26,Bread,394,264,6,1,25
2026-04-26,Eggs 12pk,430,926,6,1,18
2026-04-26,Cooking Oil 5L,446,862,6,1,7
2026-04-26,Dal 1kg,376,682,6,1,13
2026-04-26,Salt 1kg,361,453,6,1,9
2026-04-26,Tea 500g,372,912,6,1,11
2026-04-26,Coffee 200g,227,90,6,1,16
2026-04-26,greenchilli-100g,402,185,6,1,31
2026-04-26,Redchilli-50g,349,430,6,1,11
2026-04-26,GaramMasala,23,914,6,1,11
2026-04-26,Curd-200g,174,769,6,1,15
2026-04-26,garlic100g,476,426,6,1,13
2026-04-26,ginger100g,444,627,6,1,22
2026-04-27,Rice 26kg,231,592,0,0,2
2026-04-27,Sugar,142,140,0,0,13
2026-04-27,Milk 1L,123,330,0,0,21
2026-04-27,Bread,124,51,0,0,19
2026-04-27,Eggs 12pk,319,254,0,0,10
2026-04-27,Cooking Oil 5L,473,773,0,0,3
2026-04-27,Dal 1kg,483,779,0,0,14
2026-04-27,Salt 1kg,459,169,0,0,5
2026-04-27,Tea 500g,446,826,0,0,13
2026-04-27,Coffee 200g,343,961,0,0,12
2026-04-27,greenchilli-100g,184,448,0,0,19
2026-04-27,Redchilli-50g,424,881,0,0,11
2026-04-27,GaramMasala,454,272,0,0,8
2026-04-27,Curd-200g,67,462,0,0,10
2026-04-27,garlic100g,211,221,0,0,9
2026-04-27,ginger100g,292,484,0,0,10
2026-04-28,Rice 26kg,462,323,1,0,2
2026-04-28,Sugar,255,56,1,0,16
2026-04-28,Milk 1L,244,212,1,0,15
2026-04-28,Bread,416,52,1,0,10
2026-04-28,Eggs 12pk,440,742,1,0,17
2026-04-28,Cooking Oil 5L,138,312,1,0,3
2026-04-28,Dal 1kg,404,441,1,0,15
2026-04-28,Salt 1kg,223,382,1,0,8
2026-04-28,Tea 500g,273,378,1,0,13
2026-04-28,Coffee 200g,32,437,1,0,13
2026-04-28,greenchilli-100g,424,118,1,0,11
2026-04-28,Redchilli-50g,87,840,1,0,10
2026-04-28,GaramMasala,283,904,1,0,7
2026-04-28,Curd-200g,246,390,1,0,16
2026-04-28,garlic100g,141,497,1,0,18
2026-04-28,ginger100g,332,726,1,0,9
2026-04-29,Rice 26kg,460,495,2,0,5
2026-04-29,Sugar,31,723,2,0,6
2026-04-29,Milk 1L,448,422,2,0,17
2026-04-29,Bread,208,548,2,0,17
2026-04-29,Eggs 12pk,169,788,2,0,12
2026-04-29,Cooking Oil 5L,464,906,2,0,4
2026-04-29,Dal 1kg,134,168,2,0,14
2026-04-29,Salt 1kg,188,105,2,0,9
2026-04-29,Tea 500g,209,261,2,0,8
2026-04-29,Coffee 200g,468,124,2,0,9
2026-04-29,greenchilli-100g,217,475,2,0,11
2026-04-29,Redchilli-50g,99,811,2,0,5
2026-04-29,GaramMasala,150,592,2,0,5
2026-04-29,Curd-200g,344,654,2,0,17
2026-04-29,garlic100g,283,116,2,0,16
2026-04-29,ginger100g,123,422,2,0,7
2026-04-30,Rice 26kg,393,676,3,0,2
2026-04-30,Sugar,226,968,3,0,15
2026-04-30,Milk 1L,80,110,3,0,15
2026-04-30,Bread,390,827,3,0,9
2026-04-30,Eggs 12pk,495,192,3,0,11
2026-04-30,Cooking Oil 5L,203,157,3,0,3
2026-04-30,Dal 1kg,12,533,3,0,7
2026-04-30,Salt 1kg,258,208,3,0,8
2026-04-30,Tea 500g,28,936,3,0,14
2026-04-30,Coffee 200g,23,190,3,0,10
2026-04-30,greenchilli-100g,137,486,3,0,14
2026-04-30,Redchilli-50g,175,215,3,0,9
2026-04-30,GaramMasala,374,331,3,0,5
2026-04-30,Curd-200g,404,483,3,0,12
2026-04-30,garlic100g,264,914,3,0,5
2026-04-30,ginger100g,232,236,3,0,16
2026-05-01,Rice 26kg,265,871,4,0,5
2026-05-01,Sugar,464,618,4,0,10
2026-05-01,Milk 1L,141,991,4,0,14
2026-05-01,Bread,333,142,4,0,10
2026-05-01,Eggs 12pk,405,199,4,0,17
2026-05-01,Cooking Oil 5L,477,344,4,0,4
2026-05-01,Dal 1kg,163,223,4,0,9
2026-05-01,Salt 1kg,343,658,4,0,13
2026-05-01,Tea 500g,288,321,4,0,15
2026-05-01,Coffee 200g,217,290,4,0,8
2026-05-01,greenchilli-100g,465,79,4,0,14
2026-05-01,Redchilli-50g,439,158,4,0,4
2026-05-01,GaramMasala,352,655,4,0,6
2026-05-01,Curd-200g,26,395,4,0,12
2026-05-01,garlic100g,186,500,4,0,8
2026-05-01,ginger100g,239,599,4,0,13
2026-05-02,Rice 26kg,145,346,5,1,6
2026-05-02,Sugar,196,106,5,1,19
2026-05-02,Milk 1L,353,863,5,1,33
2026-05-02,Bread,468,562,5,1,20
2026-05-02,Eggs 12pk,355,864,5,1,24
2026-05-02,Cooking Oil 5L,177,882,5,1,9
2026-05-02,Dal 1kg,494,985,5,1,8
2026-05-02,Salt 1kg,263,864,5,1,17
2026-05-02,Tea 500g,388,356,5,1,11
2026-05-02,Coffee 200g,227,135,5,1,12
2026-05-02,greenchilli-100g,268,228,5,1,12
2026-05-02,Redchilli-50g,491,690,5,1,11
2026-05-02,GaramMasala,137,572,5,1,11
2026-05-02,Curd-200g,176,901,5,1,22
2026-05-02,garlic100g,197,457,5,1,18
2026-05-02,ginger100g,499,882,5,1,17
2026-05-03,Rice 26kg,176,934,6,1,9
2026-05-03,Sugar,359,392,6,1,26
2026-05-03,Milk 1L,398,951,6,1,19
2026-05-03,Bread,448,137,6,1,14
2026-05-03,Eggs 12pk,495,204,6,1,17
2026-05-03,Cooking Oil 5L,368,128,6,1,7
2026-05-03,Dal 1kg,244,945,6,1,19
2026-05-03,Salt 1kg,327,481,6,1,17
2026-05-03,Tea 500g,452,656,6,1,15
2026-05-03,Coffee 200g,121,987,6,1,14
2026-05-03,greenchilli-100g,220,360,6,1,29
2026-05-03,Redchilli-50g,393,142,6,1,11
2026-05-03,GaramMasala,403,435,6,1,5
2026-05-03,Curd-200g,136,916,6,1,25
2026-05-03,garlic100g,252,104,6,1,17
2026-05-03,ginger100g,157,957,6,1,22
2026-05-04,Rice 26kg,406,523,0,0,4
2026-05-04,Sugar,238,53,0,0,17
2026-05-04,Milk 1L,282,364,0,0,19
2026-05-04,Bread,54,453,0,0,10
2026-05-04,Eggs 12pk,451,683,0,0,10
2026-05-04,Cooking Oil 5L,408,775,0,0,7
2026-05-04,Dal 1kg,213,526,0,0,15
2026-05-04,Salt 1kg,398,181,0,0,9
2026-05-04,Tea 500g,302,635,0,0,6
2026-05-04,Coffee 200g,11,161,0,0,10
2026-05-04,greenchilli-100g,68,389,0,0,13
2026-05-04,Redchilli-50g,395,990,0,0,10
2026-05-04,GaramMasala,370,250,0,0,7
2026-05-04,Curd-200g,378,662,0,0,14
2026-05-04,garlic100g,462,396,0,0,8
2026-05-04,ginger100g,337,445,0,0,14
2026-05-05,Rice 26kg,453,531,1,0,4
2026-05-05,Sugar,48,480,1,0,22
2026-05-05,Milk 1L,68,964,1,0,19
2026-05-05,Bread,367,654,1,0,14
2026-05-05,Eggs 12pk,290,131,1,0,12
2026-05-05,Cooking Oil 5L,208,684,1,0,2
2026-05-05,Dal 1kg,332,201,1,0,17
2026-05-05,Salt 1kg,13,764,1,0,6
2026-05-05,Tea 500g,494,478,1,0,7
2026-05-05,Coffee 200g,209,287,1,0,11
2026-05-05,greenchilli-100g,172,812,1,0,10
2026-05-05,Redchilli-50g,378,675,1,0,8
2026-05-05,GaramMasala,151,790,1,0,8
2026-05-05,Curd-200g,156,183,1,0,16
2026-05-05,garlic100g,115,683,1,0,10
2026-05-05,ginger100g,329,203,1,0,13
2026-05-06,Rice 26kg,267,840,2,0,5
2026-05-06,Sugar,199,538,2,0,18
2026-05-06,Milk 1L,25,238,2,0,17
2026-05-06,Bread,356,656,2,0,18
2026-05-06,Eggs 12pk,452,918,2,0,24
2026-05-06,Cooking Oil 5L,72,407,2,0,1
2026-05-06,Dal 1kg,188,984,2,0,6
2026-05-06,Salt 1kg,118,855,2,0,7
2026-05-06,Tea 500g,476,716,2,0,15
2026-05-06,Coffee 200g,354,755,2,0,8
2026-05-06,greenchilli-100g,419,914,2,0,16
2026-05-06,Redchilli-50g,465,92,2,0,10
2026-05-06,GaramMasala,284,921,2,0,11
2026-05-06,Curd-200g,132,127,2,0,15
2026-05-06,garlic100g,42,427,2,0,9
2026-05-06,ginger100g,231,316,2,0,10
2026-05-07,Rice 26kg,290,401,3,0,2
2026-05-07,Sugar,193,184,3,0,18
2026-05-07,Milk 1L,216,339,3,0,25
2026-05-07,Bread,341,628,3,0,18
2026-05-07,Eggs 12pk,222,279,3,0,8
2026-05-07,Cooking Oil 5L,465,993,3,0,3
2026-05-07,Dal 1kg,240,487,3,0,14
2026-05-07,Salt 1kg,283,864,3,0,11
2026-05-07,Tea 500g,355,375,3,0,4
2026-05-07,Coffee 200g,313,716,3,0,10
2026-05-07,greenchilli-100g,219,627,3,0,21
2026-05-07,Redchilli-50g,380,219,3,0,11
2026-05-07,GaramMasala,410,479,3,0,8
2026-05-07,Curd-200g,216,57,3,0,19
2026-05-07,garlic100g,114,506,3,0,15
2026-05-07,ginger100g,178,75,3,0,5
